host,host_backlog,verdict,status,bytes,detail_jd,page_text,url
www.adzuna.com,1556,blocked,403,919,0,0,https://www.adzuna.com/details/5806902857
www.adzuna.com,1556,blocked,403,919,0,0,https://www.adzuna.com/details/5807031980
www.tesla.com,252,blocked,403,404,0,0,https://www.tesla.com/careers/search/job/221961
www.tesla.com,252,blocked,403,404,0,0,https://www.tesla.com/careers/search/job/222387
www.uber.com,112,gone,404,9,0,0,https://www.uber.com/careers/list/147863
www.uber.com,112,gone,404,9,0,0,https://www.uber.com/careers/list/147867
www.amazon.jobs,24,gone,404,27334,0,0,https://www.amazon.jobs/en/jobs/10445953/operations-manager
www.amazon.jobs,24,gone,404,27334,0,0,https://www.amazon.jobs/en/jobs/10475989/sr-financial-analyst-alexa-ai
www.workatastartup.com,19,gone,404,1405,0,0,https://www.workatastartup.com/jobs/85814
www.workatastartup.com,19,gone,404,1405,0,0,https://www.workatastartup.com/jobs/86654
ebay.wd5.myworkdayjobs.com,8,gone,200,118,0,0,https://ebay.wd5.myworkdayjobs.com/apply/job/Austin/Senior-Product-Manager-1---Technical_R0076079/apply
ebay.wd5.myworkdayjobs.com,8,gone,200,112,0,0,https://ebay.wd5.myworkdayjobs.com/apply/job/Austin/Software-Engineer---Full-Stack_R0074584/apply
msd.wd5.myworkdayjobs.com,8,gone,200,154,0,0,https://msd.wd5.myworkdayjobs.com/en-US/SearchJobs/job/USA---New-Jersey---Rahway/Junior-Technical-Product-Manager--Hybrid-_R407959-2/apply
msd.wd5.myworkdayjobs.com,8,gone,200,144,0,0,https://msd.wd5.myworkdayjobs.com/en-US/SearchJobs/job/USA---New-Jersey---Rahway/Quality---Operations-Specialist_R409344-1/apply
boeing.wd1.myworkdayjobs.com,4,gone,200,130,0,0,https://boeing.wd1.myworkdayjobs.com/EXTERNAL_CAREERS/job/USA---Everett-WA/Senior-Supply-Chain-Manager_JR2026513030-1
boeing.wd1.myworkdayjobs.com,4,gone,200,136,0,0,https://boeing.wd1.myworkdayjobs.com/EXTERNAL_CAREERS/job/USA---Huntsville-AL/Entry-Level-Supply-Chain-Analyst_JR2026519495
cvshealth.wd1.myworkdayjobs.com,4,gone,200,138,0,0,https://cvshealth.wd1.myworkdayjobs.com/CVS_Health_Careers/job/00311---Rhode-Island-CVS-Pharmacy-LLC/Operations-Manager_R0984114
cvshealth.wd1.myworkdayjobs.com,4,gone,200,140,0,0,https://cvshealth.wd1.myworkdayjobs.com/CVS_Health_Careers/job/07054---North-Carolina-CVS-Pharmacy-LLC/Operations-Manager_R0985531
careers-hanger.icims.com,3,blocked,405,2115,0,0,https://careers-hanger.icims.com/jobs/31809/change-management-partner-iii/job
careers-hanger.icims.com,3,blocked,405,2115,0,0,https://careers-hanger.icims.com/jobs/31821/senior-project-manager/job
cisco.wd5.myworkdayjobs.com,3,gone,200,116,0,0,https://cisco.wd5.myworkdayjobs.com/Cisco_Careers/job/RTP-North-Carolina-US/IRE-Program-Lead_2018794-1
cisco.wd5.myworkdayjobs.com,3,gone,200,140,0,0,https://cisco.wd5.myworkdayjobs.com/Cisco_Careers/job/San-Francisco-California-US/Sr-Staff-Business-Operations-Manager_2019049
walmart.wd504.myworkdayjobs.com,3,gone,200,163,0,0,https://walmart.wd504.myworkdayjobs.com/WalmartExternal/job/USA-Change-Building-AR-Bentonville-Home-Office/XMLNAME--USA--Senior--Data-Analyst_R-2577668-1
walmart.wd504.myworkdayjobs.com,3,gone,200,144,0,0,https://walmart.wd504.myworkdayjobs.com/WalmartExternal/job/USA-LA-HARVEY-02706-WM-SUPERCENTER/Pharmacy-Pre-Grad-Intern---WM_R-2581673
amat.wd1.myworkdayjobs.com,2,gone,200,127,0,0,https://amat.wd1.myworkdayjobs.com/External/job/Santa-ClaraCA/Application-Engineer-III-New-College-Grad_R2622545
amat.wd1.myworkdayjobs.com,2,gone,200,119,0,0,https://amat.wd1.myworkdayjobs.com/external/job/AlbanyNY/Process-Integration-Engineer-E3-Senior_R2624716
careers-amd.icims.com,2,blocked,405,2115,0,0,https://careers-amd.icims.com/jobs/88606/login
careers-amd.icims.com,2,blocked,405,2115,0,0,https://careers-amd.icims.com/jobs/89213/login
careers.bureauveritas.com,2,blocked,403,93,0,0,https://careers.bureauveritas.com/job/Woonsocket-Client-Services-Program-Specialist-Rhod/1427596433
careers.bureauveritas.com,2,blocked,403,93,0,0,https://careers.bureauveritas.com/job/Woonsocket-Program-Specialist-Rhod/1408484833
disney.wd5.myworkdayjobs.com,2,gone,200,140,0,0,https://disney.wd5.myworkdayjobs.com/disneycareer/job/Celebration-FL-USA/Sr-Business-Operations-Analyst--DCL-and-A-E_10153725-1
disney.wd5.myworkdayjobs.com,2,gone,200,154,0,0,https://disney.wd5.myworkdayjobs.com/disneycareer/job/Lake-Buena-Vista-FL-USA/Health-Data-Analyst--Project-Hire-Internal-Assignment-_10155719
intel.wd1.myworkdayjobs.com,2,gone,200,121,0,0,https://intel.wd1.myworkdayjobs.com/External/job/US-California-Folsom/Revenue-Financial-Analyst_JR0284226-1
intel.wd1.myworkdayjobs.com,2,gone,200,121,0,0,https://intel.wd1.myworkdayjobs.com/External/job/US-Oregon-Hillsboro/Tool-Install-Project-Manager_JR0285796
motorolasolutions.wd5.myworkdayjobs.com,2,gone,200,101,0,0,https://motorolasolutions.wd5.myworkdayjobs.com/Careers/job/Los-Angeles-CA/Financial-Analyst_R67002
motorolasolutions.wd5.myworkdayjobs.com,2,gone,200,108,0,0,https://motorolasolutions.wd5.myworkdayjobs.com/Careers/job/Los-Angeles-CA/Senior-Financial-Analyst_R67001
usbank.wd1.myworkdayjobs.com,2,gone,200,144,0,0,https://usbank.wd1.myworkdayjobs.com/US_Bank_Careers/job/Minneapolis-MN/Financial-Analyst--Middle-Office-Trading-Desk-_2026-0021775
usbank.wd1.myworkdayjobs.com,2,gone,200,124,0,0,https://usbank.wd1.myworkdayjobs.com/US_Bank_Careers/job/Remote-MN/Underwriting-Operations-Manager_2026-0021551
wf.wd1.myworkdayjobs.com,2,gone,200,121,0,0,https://wf.wd1.myworkdayjobs.com/WellsFargoJobs/job/IRVING-TX/Contact-Center-Planning-Analyst_R-555067-1
wf.wd1.myworkdayjobs.com,2,gone,200,128,0,0,https://wf.wd1.myworkdayjobs.com/WellsFargoJobs/job/SAN-ANTONIO-TX/Branch-Operations-Manager-Zarzamora_R-546612
www.mckinsey.com,2,blocked,ERR:ConnectionError,0,0,0,https://www.mckinsey.com/careers/search-jobs/jobs/businessanalyst-operations-103025
www.mckinsey.com,2,blocked,ERR:ConnectionError,0,0,0,https://www.mckinsey.com/careers/search-jobs/jobs/projectmanager-deliveryassurance-109023
autodesk.wd1.myworkdayjobs.com,1,gone,200,143,0,0,https://autodesk.wd1.myworkdayjobs.com/Ext/job/AMER---United-States---Nevada---OffsiteHome/Sr-Consulting-Project-Manager_26WD99722-2
bloomberg.avature.net,1,blocked,403,33913,0,0,https://bloomberg.avature.net/careers/JobDetail/Applied-Data-Analyst-Data-Quality-Analytics/16808
capitalone.wd12.myworkdayjobs.com,1,gone,200,120,0,0,https://capitalone.wd12.myworkdayjobs.com/Capital_One/job/McLean-VA/Lead-Software-Engineer--Full-Stack_R230552-2
careers-evergreen.icims.com,1,blocked,405,2115,0,0,https://careers-evergreen.icims.com/jobs/7541/login
careers.airbnb.com,1,gone,404,32619,0,0,https://careers.airbnb.com/positions/8095390?gh_jid=8095390
careers.withwaymo.com,1,gone,404,99796,0,0,https://careers.withwaymo.com/jobs?gh_jid=8049302
cigna.wd5.myworkdayjobs.com,1,gone,200,162,0,0,https://cigna.wd5.myworkdayjobs.com/cignacareers/job/United-States-Work-at-Home/Program-Management-Lead-Analyst---Cigna-Healthcare---Remote_26009209
expedia.wd108.myworkdayjobs.com,1,gone,200,129,0,0,https://expedia.wd108.myworkdayjobs.com/search/job/USA---California---San-Jose/Machine-Learning-Scientist-II_R-107895-1
fmr.wd1.myworkdayjobs.com,1,gone,200,112,0,0,https://fmr.wd1.myworkdayjobs.com/FidelityCareers/job/Durham-NC/Platform-Product-Manager_2131923
lilly.wd115.myworkdayjobs.com,1,gone,200,129,0,0,https://lilly.wd115.myworkdayjobs.com/LLY/job/US-Indianapolis-IN/Project-Manager---Project-Management-Office_R-109012
mckesson.wd3.myworkdayjobs.com,1,gone,200,128,0,0,https://mckesson.wd3.myworkdayjobs.com/External_Careers/job/USA-TX-Irving/Sr-Strategic-Operations-Analyst_JR0149545-1
msk.wd108.myworkdayjobs.com,1,gone,200,164,0,0,https://msk.wd108.myworkdayjobs.com/MSKCC_Careers_Primary/job/New-York-NY/Senior-Financial-Analyst--Value-Realization---Performance-Improvement_101067
ngc.wd1.myworkdayjobs.com,1,gone,200,148,0,0,https://ngc.wd1.myworkdayjobs.com/Northrop_Grumman_External_Site/job/United-States-California-El-Segundo/Program-Manager-2_R10241032
tmobile.wd1.myworkdayjobs.com,1,gone,200,122,0,0,https://tmobile.wd1.myworkdayjobs.com/External/job/Bellevue-Washington/Sr-Product-Manager--Technical_REQ361021
us-careers-rivian.icims.com,1,blocked,405,2115,0,0,https://us-careers-rivian.icims.com/jobs/32333/login
www.mathworks.com,1,blocked,403,430,0,0,https://www.mathworks.com/company/jobs/students/internships.html?s_tid=cr_nav_intern
www.rubrik.com,1,blocked,403,426,0,0,https://www.rubrik.com/company/careers/departments/job.8121019?gh_jid=8121019
