match_score,title,company,location,remote,pay,max_years_exp,jd_sponsorship,url
67,Senior Site Reliability Engineer,IDEXX,Virtual United States,yes,,7,,https://idexx.wd115.myworkdayjobs.com/idexx/job/Virtual-United-States/Senior-Site-Reliability-Engineer_J-053127-1
67,"Senior Strategy Manager, Global Services AI and Automation",Intuitive,"Sunnyvale, CA, United States",,,10,,https://jobs.smartrecruiters.com/Intuitive/744000144418010
66,"Senior Manager, Product Management, AI Platform",Intuitive,"Sunnyvale, CA, United States",,,8,,https://jobs.smartrecruiters.com/Intuitive/744000144830599
64,Financial Operations Program Manager,Coastal,Remote,yes,,,,https://jobs.ashbyhq.com/coastal/86783938-77d4-4cc9-b3b1-f848ad2081b9
63,Senior Data Engineer,ICE,"Jacksonville, Florida, United States",,,,,https://careers-ice.icims.com/jobs/12252/login
63,COE Make Business Systems Analyst,Intuitive,"Sunnyvale, CA, United States",,,8,,https://jobs.smartrecruiters.com/Intuitive/744000146054548
62,"Principal Consultant, Technology Delivery",ICE,"Jacksonville, Florida, United States",,,,,https://careers-ice.icims.com/jobs/13445/login
61,"Business Analyst, Product Development",ICE,"Atlanta, Georgia, United States",,,3,,https://careers-ice.icims.com/jobs/12595/login
61,Sr. Director Partner Strategy & Programs,BeyondTrust,Remote United States,yes,,5,,https://job-boards.greenhouse.io/beyondtrust/jobs/8125588
61,Deployment Lead - ERP Solutions,Rillet,Remote,yes,,,,https://jobs.ashbyhq.com/rillet/27d6e823-4edb-435d-a0f0-45efabbcad15
61,Software Engineer II - Recommendations,Klaviyo,"Boston, MA",,$116k-174k,2,,https://www.klaviyo.com/careers/jobs/7855798003?gh_jid=7855798003
60,Machine Learning Engineer,IDEXX,"Westbrook, ME",,,3,,https://idexx.wd115.myworkdayjobs.com/idexx/job/Westbrook-ME/Machine-Learning-Engineer_J-054218-1
60,"Manager, Project Management",Innomotics,"New, PA, US",,$97k-167k,10,,https://jobs.innomotics.com/job/New-Kensington-Manager%2C-Project-Management-PA-15068/1420954733
60,"Staff, Document Specialist & Business Systems Analyst - Engineering Group",Intuitive,"Sunnyvale, CA, United States",,,15,,https://jobs.smartrecruiters.com/Intuitive/744000145571790
60,Lead Project Manager,Klaviyo,"Boston, MA",,$112k-168k,5,,https://www.klaviyo.com/careers/jobs/7806009003?gh_jid=7806009003
59,QA Automation Engineer,Empower Pharmacy,US Remote,yes,,6,,https://careers.empowerpharmacy.com/jobs?gh_jid=4371980009
59,Recruiting Technical Program Manager,Atoms,"San Francisco, CA",,$139k-164k,5,,https://job-boards.greenhouse.io/atoms/jobs/8654630002
59,Product Manager,Veritone,"Irvine, CA",,$150k-175k,2,,https://veritone.wd1.myworkdayjobs.com/veritone_career_site/job/Irvine-CA/Product-Manager_R0195
58,Data Scientist,ICE,"Atlanta, Georgia; Jacksonville, Florida, United States",,,,,https://careers-ice.icims.com/jobs/13448/login
58,Operations Specialist,Alteva RCM,"Queens, New York, United States",,,3,,https://job-boards.greenhouse.io/altevarcm/jobs/4360640009
58,Software Engineer (Full-stack),Impiricus,"New York, NY, Atlanta, GA, or Remote, USA",yes,$110k-135k,2,,https://job-boards.greenhouse.io/impiricus/jobs/5397992008
58,Associate Product Manager-Bags and Accessories,Trove Brands,"Lehi, Utah",,,3,,https://job-boards.greenhouse.io/trovebrands/jobs/4373884009
58,Credit Risk Data Scientist II,Coastal,Remote,yes,,7,,https://jobs.ashbyhq.com/coastal/047ed860-0bec-4127-97ef-6cf6a7e3e8a5
58,Supply Chain Digital Product Manager,Intuitive,"Sunnyvale, CA, United States",,,8,,https://jobs.smartrecruiters.com/Intuitive/744000141283122
58,"Project Portfolio Manager, North America",Tapestry,"New York, New York, USA (Corporate Headquarters)",,$90k-110k,,,https://tapestry.wd108.myworkdayjobs.com/tapestry_careers/job/New-York-New-York-USA-Corporate-Headquarters/Project-Portfolio-Manager--North-America_JR9832-1
57,"Data Analyst, Data Intelligence",Acrisure,"816 Congress Ave Ste 1800  - AUSTIN, TX",,,5,blocked,https://acrisure.wd1.myworkdayjobs.com/acrisure/job/816-Congress-Ave-Ste-1800----AUSTIN-TX/Data-Analyst--Data-Intelligence_JR113528
57,"Senior Business Analyst, ServiceNow",ICE,"Atlanta, Georgia; Jacksonville, Florida, United States",,,5,,https://careers-ice.icims.com/jobs/13028/login
57,Senior Quality Assurance Engineer,ICE,"Jacksonville, Florida; Atlanta, Georgia; Dallas, Texas, United States",,,7,,https://careers-ice.icims.com/jobs/13642/login
57,"Principal Engineer, Full Stack Development",ICE,"Atlanta, Georgia; Jacksonville, Florida, United States",,,7,,https://careers-ice.icims.com/jobs/13656/login
57,Cloud and DevOps Engineer (5–8 yrs),Advanced Space,"Westminster, CO",,,5,blocked,https://job-boards.greenhouse.io/advancedspace/jobs/4376621009
57,Senior Data Scientist,Gradera,"Dallas/Fort Worth, TX - Hybrid",,,5,,https://jobs.ashbyhq.com/gradera/fd0026f8-1aad-4e99-8b27-aef007532063
57,"Lead Software Engineer, Platform Engineering",Klaviyo,"Boston, MA",,$176k-264k,10,,https://www.klaviyo.com/careers/jobs/7806007003?gh_jid=7806007003
57,"Senior Director, Software Engineering",ZoomInfo,Remote,yes,,10,,https://www.zoominfo.com/careers?gh_jid=8581886002
56,Project Implementation Specialist,Empower Pharmacy,"Houston, TX",,,,,https://careers.empowerpharmacy.com/jobs?gh_jid=4329103009
56,"Senior Engineer, Business Intelligence",Ardent Health,Remote - Nationwide,yes,$91k-175k,5,,https://ensemblehp.wd5.myworkdayjobs.com/ensemblehealthpartnerscareers/job/Remote---Nationwide/Senior-Engineer--Business-Intelligence_R045575
56,Product Manager | Retail,Epicor,"US, Chicago Remote",yes,,,,https://epicorsoftware.wd5.myworkdayjobs.com/epicorjobs/job/US-Chicago-Remote/Product-Manager---Retail_JR104893
56,Data Analyst I,Garner Health,"New York City, New York",,$88k-110k,1,blocked,https://job-boards.greenhouse.io/garnerhealth/jobs/6144708004
56,Director Data Science,SageSure,"Jersey City, New Jersey, United States; Mountain View, California, United States",,,3,,https://www.sagesure.com/careers/current-job-openings?gh_jid=4704558006
55,Senior Site Reliability Engineer,Medallia,"McLean, Virginia, United States",,$128k-190k,5,,https://careers-medallia.icims.com/jobs/6354/login
55,Manufacturing Operations Project Manager,Stratasys,"Eden Prairie, MN, US",,$95k-125k,,,https://careers.stratasys.com/job/Eden-Prairie-Manufacturing-Operations-Project-Manager-MN-55343/1420983900
55,Software Development Manager,IDEXX,Virtual Maine,,,,,https://idexx.wd115.myworkdayjobs.com/idexx/job/Virtual-Maine/Software-Development-Manager_J-052349
55,Senior Production Test Systems Engineer,Acron Aviation,"Grand Rapids, MI",,,4,,https://jobs.lever.co/acronaviation/5b19cfac-5368-47c9-9a05-00d049ebc770
55,Staff Product Manager - GI Platform,Intuitive,"Sunnyvale, CA, United States",,,15,,https://jobs.smartrecruiters.com/Intuitive/744000144586329
54,Data Scientist,Empower Pharmacy,US Remote,yes,,5,,https://careers.empowerpharmacy.com/jobs?gh_jid=4371957009
54,LOS Implementation Consultant,ICE,"Jacksonville, Florida; Atlanta, Georgia; Omaha, Nebraska; Provo, Utah, United States",,,3,,https://careers-ice.icims.com/jobs/12957/login
54,AI and Data Product Manager,ICE,"Atlanta, Georgia; Jacksonville, Florida, United States",,,6,,https://careers-ice.icims.com/jobs/13358/login
54,Associate Full Stack Developer,ICE,"Jacksonville, Florida, United States",,,1,,https://careers-ice.icims.com/jobs/13402/login
54,(1527) Technical Project Manager,Nortal,Latin America - Remote,yes,,5,,https://job-boards.greenhouse.io/nortal/jobs/5201047007
54,"Platform Engineer, Public Sector",Exiger,"McLean, Virginia, United States; New York, New York, United States; Richmond, Virginia, United States",yes,,5,blocked,https://www.exiger.com/careers/6150362004?gh_jid=6150362004
53,"Product Manager, ICE Mortgage Technology",ICE,"Jacksonville, Florida, United States",,,5,,https://careers-ice.icims.com/jobs/12965/login
53,Implementation Manager,Impiricus,Remote,yes,$50k-55k,,,https://job-boards.greenhouse.io/impiricus/jobs/5387694008
53,Test Engineer - Mission Software (Top Secret/SCI Clearance Required),North Point Technology,"Alexandria, Virginia, United States",,,,blocked,https://job-boards.greenhouse.io/northpointtechnology/jobs/8761264002
53,Test Engineer - Mission Software (Top Secret/SCI Clearance Required),North Point Technology,"Chantilly, Virginia, United States",,,,blocked,https://job-boards.greenhouse.io/northpointtechnology/jobs/8761266002
53,Test Engineer - Mission Software (Top Secret/SCI Clearance Required),North Point Technology,"Englewood, Colorado, United States",,,,blocked,https://job-boards.greenhouse.io/northpointtechnology/jobs/8761267002
53,Test Engineer - Mission Software (Top Secret/SCI Clearance Required),North Point Technology,"Gaithersburg, Maryland, United States",,,,blocked,https://job-boards.greenhouse.io/northpointtechnology/jobs/8761268002
53,Test Engineer - Mission Software (Top Secret/SCI Clearance Required),North Point Technology,"St. Louis, Missouri, United States",,,,blocked,https://job-boards.greenhouse.io/northpointtechnology/jobs/8761269002
53,Test Engineer - Mission Software (Top Secret/SCI Clearance Required),North Point Technology,"Tucson, Arizona, United States",,,,blocked,https://job-boards.greenhouse.io/northpointtechnology/jobs/8761270002
53,Marketing Project Manager- Owala,Trove Brands,"Lehi, UT",,,4,,https://job-boards.greenhouse.io/trovebrands/jobs/4362680009
53,"Portfolio Manager, Design Operations",Tapestry,"New York, New York, USA (Corporate Headquarters)",,$90k-100k,4,,https://tapestry.wd108.myworkdayjobs.com/tapestry_careers/job/New-York-New-York-USA-Corporate-Headquarters/Project-Manager--Global-Store-Design_JR11511
52,"Senior Manager, Product Management",ICE,"Jacksonville, Florida, United States",,,11,,https://careers-ice.icims.com/jobs/13641/login
52,Project Manager,Ardent Health,Remote - Nationwide,yes,$69k-119k,1,,https://ensemblehp.wd5.myworkdayjobs.com/ensemblehealthpartnerscareers/job/Remote---Nationwide/Project-Manager_R049202
52,Sr. Product Manager,Ardent Health,Remote - Nationwide,yes,,3,,https://ensemblehp.wd5.myworkdayjobs.com/ensemblehealthpartnerscareers/job/Remote---Nationwide/Sr-Product-Manager_R047960
52,Technical Project Manager,Alteva RCM,Remote,yes,$70k-130k,3,,https://job-boards.greenhouse.io/altevarcm/jobs/4381009009
52,Data Scientist,Emmes Group,"Rockville, United States",,,3,,https://uscareers-emmes.icims.com/jobs/3478/login
51,Senior Product Manager - Healthcare,RF-SMART,"Distributed - US; Highlands Ranch, Colorado, United States; Jacksonville, Florida, United States",,,5,blocked,https://job-boards.greenhouse.io/rfsmart/jobs/5373975008
51,"Project Manager, ERP Implementation - Contractor",Tenstorrent,"Austin, Texas, United States; Santa Clara, California, United States",,$100k-500k,,,https://job-boards.greenhouse.io/tenstorrent/jobs/5208653007
51,Project Manager (Project Execution Organization),Innomotics,"New, PA, US",,$79k-169k,5,,https://jobs.innomotics.com/job/New-Kensington-Project-Manager-%28Project-Execution-Organization%29-PA-15068/1431235433
51,Sr. Strategic Procurement Specialist,Innomotics,"New, PA, US",,$97k-167k,,,https://jobs.innomotics.com/job/New-Kensington-Sr_-Strategic-Procurement-Specialist-PA-15068/1421009233
51,"Sr. Product Manager, Customer Asset Mgmt",Intuitive,"Sunnyvale, CA, United States",,,8,,https://jobs.smartrecruiters.com/Intuitive/744000145375754
51,Senior AI Data Science Engineer,Intuitive,"Sunnyvale, CA, United States",,,6,,https://jobs.smartrecruiters.com/Intuitive/744000146264889
51,Sr. Microsoft 365 Platform Engineer,Tapestry,"New York, New York, USA (Corporate Headquarters)",,,7,,https://tapestry.wd108.myworkdayjobs.com/tapestry_careers/job/New-York-New-York-USA-Corporate-Headquarters/Sr-Microsoft-365-Platform-Engineer_JR12154
50,Senior Product Manager,ICE,"Atlanta, Georgia, United States",,,,,https://careers-ice.icims.com/jobs/12600/login
50,Software Development Engineer,BeyondTrust,Remote United States,yes,,,,https://job-boards.greenhouse.io/beyondtrust/jobs/8119260
50,"Research Staff, Data Science",Deepgram,USA | Remote,yes,,,,https://jobs.ashbyhq.com/deepgram/fdb4073a-4c1c-48d6-b6d5-f407d3e78d17
50,Project Execution US Head of Finance,Innomotics,"New, PA, US",,$131k-224k,7,,https://jobs.innomotics.com/job/New-Kensington-Project-Execution-US-Head-of-Finance-PA-15068/1428430333
50,"Product Manager, Diagnostics - Global Services",Intuitive,"Sunnyvale, CA, United States",,,5,,https://jobs.smartrecruiters.com/Intuitive/744000141564530
50,Retail Technology Program Manager,Tapestry,"New York, New York, USA (Corporate Headquarters)",,,,,https://tapestry.wd108.myworkdayjobs.com/tapestry_careers/job/New-York-New-York-USA-Corporate-Headquarters/Retail-Technology-Program-Manager_JR13073
49,Principal Technical Product Manager,Empower Pharmacy,US Remote,yes,,12,,https://careers.empowerpharmacy.com/jobs?gh_jid=4361419009
49,Full Stack Software Engineer,ICE,"New York, New York, United States",,,2,,https://careers-ice.icims.com/jobs/13416/login
49,"Senior Manager, Software Engineering",Ardent Health,Remote - Nationwide,yes,,7,,https://ensemblehp.wd5.myworkdayjobs.com/ensemblehealthpartnerscareers/job/Remote---Nationwide/Manager--Software-Engineering_R040398
49,Senior Project Manager,Ardent Health,Remote - Nationwide,yes,$97k-145k,4,,https://ensemblehp.wd5.myworkdayjobs.com/ensemblehealthpartnerscareers/job/Remote---Nationwide/Senior-Project-Manager_R048547
49,"Sr Director, Strategic Initiatives",BeyondTrust,Remote United States,yes,,7,,https://job-boards.greenhouse.io/beyondtrust/jobs/8144973
49,(1519) Senior Product Manager,Nortal,Latin America - Remote,yes,,,,https://job-boards.greenhouse.io/nortal/jobs/5200681007
49,(1531) Senior Project Manager,Nortal,Latin America - Remote,yes,,,,https://job-boards.greenhouse.io/nortal/jobs/5206313007
49,Lead Embedded Software Engineer,Acron Aviation,"Phoenix, AZ",,,,,https://jobs.lever.co/acronaviation/36943aef-6293-48b1-b1eb-c26d1ef4ab3c
49,"Senior Product Manager, Intelligence",Everlywell,"Austin, TX",,,5,,https://jobs.lever.co/everlywell/b3d1f6b7-11b2-4a1d-a662-531270f5ff9d
49,Packaging Graphics & Product Label Specialist 3,Intuitive,"Sunnyvale, CA, United States",,,4,,https://jobs.smartrecruiters.com/Intuitive/744000142670249
48,Deployment Manager (Onsite role),Phenom,"Ambler, Pennsylvania, United States",,$90k-110k,3,,https://careers.phenom.com/us/en/job/P-104681
48,Project Manager - Regulatory Operations,Stratasys,"Rehovot (Hybrid), IL, IL",,,5,,https://careers.stratasys.com/job/Rehovot-%28Hybrid%29-Project-Manager-Regulatory-Operations-IL/1382487300
48,Construction Project Manager,Atoms,"Los Angeles, CA",,$139k-164k,7,,https://job-boards.greenhouse.io/atoms/jobs/8661023002
48,Software Quality Engineer,Lab37,"Pittsburgh, PA",,$180k-230k,,,https://job-boards.greenhouse.io/lab37/jobs/8299701002
48,Instrument Software Engineer,Intuitive,"Sunnyvale, CA, United States",,,3,,https://jobs.smartrecruiters.com/Intuitive/744000146220840
48,Senior DevOps Engineer - PA166,ZoomInfo,Remote,yes,$133k-209k,7,,https://www.zoominfo.com/careers?gh_jid=8733991002
47,Manual QA Analyst II,ICE,"Atlanta, Georgia, United States",,,3,,https://careers-ice.icims.com/jobs/13389/login
47,Staff Platform Engineer,2K,"Austin, Texas, United States",,,10,blocked,https://job-boards.greenhouse.io/2k/jobs/7829580003
47,Program Manager,Revivn,"Fresno, California",,,3,,https://job-boards.greenhouse.io/revivn/jobs/5225209007
46,"Client Services, Engagement Manager",Medallia,"McLean, Virginia, United States",,$101k-146k,,,https://careers-medallia.icims.com/jobs/6438/login
46,Senior Manufacturing Automation Engineer,Stratasys,"Eden Prairie, MN, US",,$94k-116k,5,,https://careers.stratasys.com/job/Eden-Prairie-Senior-Manufacturing-Automation-Engineer-MN-55343/1416634100
46,"Backend Engineer, Core APIs",Fingerprint,Remote,yes,$130k-180k,2,blocked,https://fingerprint.com/careers/jobs/apply?gh_jid=6143259004
46,Software Test Engineer,Deepgram,USA | Remote,yes,,5,,https://jobs.ashbyhq.com/deepgram/4a6b5eb2-4720-4ec8-8d7d-4ae0f7bbe2cc
46,"Research Engineer, Machine Learning Systems",Deepgram,USA | Remote,yes,,,,https://jobs.ashbyhq.com/deepgram/9a030b32-d671-43e0-a221-4653bb73ba29
46,Veeva CTMS Business Analyst,Alchemy,"Remote, US",yes,,,,https://www.indeed.com/viewjob?jk=c145ccf8b8df9234
46,Data Scientist,SageSure,"Chicago, Illinois, United States; Fairfield, California, United States; Houston, Texas, United States",,,5,,https://www.sagesure.com/careers/current-job-openings?gh_jid=4696985006
45,"Senior Engineer, Platform & Site Reliability",ICE,"Jacksonville, Florida; Atlanta, Georgia, United States",,,5,,https://careers-ice.icims.com/jobs/13233/login
45,"Staff Site Reliability Engineer, GovCloud",Medallia,"McLean, Virginia, United States",,$158k-230k,8,,https://careers-medallia.icims.com/jobs/6349/login
45,"Senior Director, Product Management, Medallia Experience Cloud & Shared Services",Medallia,"McLean, Virginia, United States",,$202k-305k,12,,https://careers-medallia.icims.com/jobs/6367/login
45,Senior Project Manager,Ardent Health,Remote - Nationwide,yes,$92k-159k,4,,https://ensemblehp.wd5.myworkdayjobs.com/ensemblehealthpartnerscareers/job/Remote---Nationwide/Senior-Project-Manager_R050236
45,Sr. Financial Analyst,Advanced Space,"Westminster, CO",,$105k-135k,7,blocked,https://job-boards.greenhouse.io/advancedspace/jobs/4381073009
45,Data Analyst,Merge,"San Francisco, CA",,,,,https://jobs.ashbyhq.com/merge/d21d3e7c-f090-43a5-9c69-799f517185e7
45,"Senior Data Scientist / Analyst, Finance",Polymarket,New York,,,,,https://jobs.ashbyhq.com/polymarket/269e8ca9-6bad-4fa7-90dd-cc9c35070eca
45,"Senior Director, Product Management, Medallia Experience Cloud & Shared Services",Medallia,"McLean, VA, US",,,,,https://jobs.medallia.com/jobs/6367/job?iis=Job+Board&iisn=Indeed&indeed-apply-token=73a2d2b2a8d6d5c0a62696875eaebd669103652d3f0c2cd5445d3e66b1592b0f
45,"Product Manager, SP Core Instruments and Accessories",Intuitive,"Sunnyvale, CA, United States",,,6,,https://jobs.smartrecruiters.com/Intuitive/744000144398909
45,Regulatory Affairs Specialist - Supporting China Product Registration,Intuitive,"Peachtree Corners, GA, United States",,,5,,https://jobs.smartrecruiters.com/Intuitive/744000144796899
45,"Senior Software Engineer, Asynchronous Processing",Klaviyo,"Boston, MA",,,6,,https://www.klaviyo.com/careers/jobs/7855795003?gh_jid=7855795003
44,"Site Reliability Engineer II, GovCloud",Medallia,"McLean, Virginia, United States",,$103k-155k,2,,https://careers-medallia.icims.com/jobs/6351/login
44,"Senior Product Manager, Language & Translation Platform",Medallia,"McLean, Virginia, United States",,$170k-250k,5,,https://careers-medallia.icims.com/jobs/6368/login
44,Staff Data Analyst,SmithRx,Remote,yes,$144k-170k,8,,https://job-boards.greenhouse.io/smithrx/jobs/8737760002
43,"Senior Site Reliability Engineer, GovCloud",Medallia,"McLean, Virginia, United States",,$128k-190k,5,,https://careers-medallia.icims.com/jobs/6350/login
43,Sr. Financial Analyst,Stratasys,"Minnetonka, MN, US",,$82k-101k,5,blocked,https://careers.stratasys.com/job/Minnetonka-Sr_-Financial-Analyst-MN-55305/1421752200
43,Senior Product Program Manager,Ardent Health,Work at Home - Ohio - Other,yes,,7,,https://ensemblehp.wd5.myworkdayjobs.com/ensemblehealthpartnerscareers/job/Work-at-Home---Ohio---Other/Senior-Program-Manager_R041793
43,Senior Software Engineer - Autonomous and Unmanned Systems (FedD178),Defense Unicorns,"Remote, United States ",yes,$148k-201k,5,blocked,https://job-boards.greenhouse.io/defenseunicorns/jobs/5205829007
43,Business Operations Associate,Honeycomb Insurance,"Chicago, IL",,$115k-125k,4,,https://job-boards.greenhouse.io/honeycombinsurance/jobs/4725468005
43,(1529) Senior Software Engineer Ruby on Rails,Nortal,Latin America - Remote,yes,,5,,https://job-boards.greenhouse.io/nortal/jobs/5204946007
43,"Database Engineer, Public Sector",Exiger,"McLean, Virginia, United States; New York, New York, United States; Richmond, Virginia, United States",yes,,,blocked,https://www.exiger.com/careers/6150395004?gh_jid=6150395004
42,Senior QA Engineer,Alteva RCM,Remote,yes,$90k-155k,5,,https://job-boards.greenhouse.io/altevarcm/jobs/4380949009
42,Platform Engineer - FedD180/FedD181,Defense Unicorns,"Remote, United States",yes,$123k-166k,,blocked,https://job-boards.greenhouse.io/defenseunicorns/jobs/5203690007
42,Staff Software Engineer - Next Gen,NetDocuments,"Lehi, Utah, United States; Remote - US",yes,,8,,https://job-boards.greenhouse.io/netdocuments/jobs/5383665008
42,"Specialist, Software Engineer (Functional Lead)",Acron Aviation,"Phoenix, AZ",,,4,,https://jobs.lever.co/acronaviation/b0d77ab1-9214-4c31-8b00-1061139ca223
42,"Sr Product Manager, Ion Instruments & Accessories",Intuitive,"Sunnyvale, CA, United States",,,5,,https://jobs.smartrecruiters.com/Intuitive/744000143148634
42,"Senior Software Engineer, Backend (Infrastructure)",Otter.ai,"Seattle, Washington, United States",,$185k-230k,5,,https://otter.ai/careers?gh_jid=7832658003
42,Infrastructure Automation Engineer,Tapestry,"New York, New York, USA (Corporate Headquarters)",,$130k-140k,7,,https://tapestry.wd108.myworkdayjobs.com/tapestry_careers/job/New-York-New-York-USA-Corporate-Headquarters/Infrastructure-Automation-Engineer_JR12727-1
42,Senior Software Engineer (L5),Exiger,"McLean, Virginia, United States; New York, New York, United States; Richmond, Virginia, United States",,,6,,https://www.exiger.com/careers/6147232004?gh_jid=6147232004
41,"Senior Backend Engineer, Core APIs (SRE Focus)",Fingerprint,Remote,yes,$150k-200k,5,blocked,https://fingerprint.com/careers/jobs/apply?gh_jid=6143257004
41,Sr. Software Engineer,Edmentum,"Bloomington, Minnesota, United States",yes,$130k-140k,5,,https://job-boards.greenhouse.io/edmentum/jobs/6133052004
41,Staff Site Reliability Engineer,Garner Health,Remote,yes,$241k-270k,7,,https://job-boards.greenhouse.io/garnerhealth/jobs/6147544004
41,(1524) Senior AEM Backend Developer,Nortal,Latin America - Remote,yes,,5,,https://job-boards.greenhouse.io/nortal/jobs/5200891007
41,"Senior Data Scientist, Data Flywheel",Deepgram,USA | Remote,yes,,,,https://jobs.ashbyhq.com/deepgram/ba60a541-fdf7-44bf-a6bb-0e821f15af54
41,Program Manager,Fieldguide,"San Francisco, CA or Remote (USA)",yes,,5,,https://jobs.ashbyhq.com/fieldguide/deadf4a3-0a6d-413e-b975-19699f964669
41,"Product Manager, Serviceability",Intuitive,"Sunnyvale, CA, United States",,,5,,https://jobs.smartrecruiters.com/Intuitive/744000145605089
41,Senior Data Engineer,Otter.ai,"Mountain View, CA",,$185k-230k,5,,https://otter.ai/careers?gh_jid=7866132003
41,Staff Software Engineer,SageSure,"Chicago, Illinois, United States; Jersey City, New Jersey, United States; Mountain View, California, United States",yes,,5,,https://www.sagesure.com/careers/current-job-openings?gh_jid=4707236006
40,Senior Site Reliability Engineer,ICE,"Jacksonville, Florida, United States",,,7,,https://careers-ice.icims.com/jobs/12364/login
40,"Technical Product Manager, Data Insights",Fingerprint,Remote,yes,$126k-170k,3,blocked,https://fingerprint.com/careers/jobs/apply?gh_jid=6140406004
40,"Software Engineer, Trading Product",Aptos Labs,"San Francisco, CA",,$150k-250k,3,,https://job-boards.greenhouse.io/aptoslabs/jobs/4720895005
40,Senior Vehicle Integration Engineer,Atoms,"San Francisco, CA",,$176k-242k,3,,https://job-boards.greenhouse.io/atoms/jobs/8756215002
40,Senior Software Engineer - UDS Foundations Team (RD182B),Defense Unicorns,"Remote, United States ",yes,$123k-201k,5,,https://job-boards.greenhouse.io/defenseunicorns/jobs/5203390007
40,SkillBridge Intern - Technical Product Marketing Manager (SMM192),Defense Unicorns,Remote,yes,$116k-158k,4,,https://job-boards.greenhouse.io/defenseunicorns/jobs/5210327007
40,Senior Product Manager - AI,NetDocuments,Remote - US,yes,$120k-150k,4,,https://job-boards.greenhouse.io/netdocuments/jobs/5383595008
40,SWE (LATM),AfterQuery,San Francisco (Remote),yes,,5,,https://jobs.ashbyhq.com/afterquery/f7fa22af-3a09-4cbe-9b7b-bf8719ff9bae
40,"Principal Data Analyst, Product",ClickUp,United States,,,,blocked,https://jobs.ashbyhq.com/clickup/de33a412-8af0-4e80-832c-9876e7f9d11c
40,Product Manager,Vendelux,"New York, NY",,,5,,https://jobs.ashbyhq.com/vendelux/e38facad-da59-4abc-90e0-68a1bede9583
40,Revenue Operations Staff Systems Engineer,Arcadia,Remote (USA),yes,,5,,https://jobs.lever.co/arcadia/de04a85c-78c2-4b90-ad4e-31c94e0987f3
40,"Director, Product Management, Platform Services",Medallia,"McLean, VA, US",,,,,https://jobs.medallia.com/jobs/6352/job?iis=Job+Board&iisn=Indeed&indeed-apply-token=73a2d2b2a8d6d5c0a62696875eaebd669103652d3f0c2cd5445d3e66b1592b0f
39,"Data Scientist, Global Quantitative Research",ICE,"Atlanta, Georgia, United States",,,,,https://careers-ice.icims.com/jobs/13447/login
39,"Senior Director, Operational Strategic Initiatives",Ardent Health,Remote - Nationwide,yes,$117k-176k,,,https://ensemblehp.wd5.myworkdayjobs.com/ensemblehealthpartnerscareers/job/Remote---Nationwide/Senior-Director--Operational-Strategic-Initiatives_R048025-1
39,Platform Engineer (FedD200/ FedD201/ FedD202),Defense Unicorns,"Remote, United States",yes,$123k-166k,,blocked,https://job-boards.greenhouse.io/defenseunicorns/jobs/5223131007
39,Principal Product Manager,Edmentum,United States,yes,$165k-185k,,,https://job-boards.greenhouse.io/edmentum/jobs/6145166004
39,Site Reliability Engineer - Public Sector,Blitzy,Remote ,yes,$140k-170k,3,blocked,https://jobs.ashbyhq.com/blitzy/0cd8c412-15f3-4139-a162-50c2f7957d64
39,AWS Data Engineer,Clera,remote,yes,,5,,https://jobs.ashbyhq.com/clera/57f507fc-6ebb-430c-974e-414e5ca14c28
39,"Senior Backend Engineer, Adopt",Scribe,Remote ,yes,,5,,https://jobs.ashbyhq.com/scribe/7db33881-a07c-423c-8b94-98676dec8965
39,Robotic Algorithms and Controls Engineer (Systems Analyst),Intuitive,"Sunnyvale, CA, United States",,,6,,https://jobs.smartrecruiters.com/Intuitive/744000143368039
39,"Staff Software Engineer, Backend (Infrastructure)",Otter.ai,"Seattle, Washington, United States",,$210k-275k,10,,https://otter.ai/careers?gh_jid=7832661003
38,Staff QA Automation Engineer,Empower Pharmacy,US Remote,yes,,,,https://careers.empowerpharmacy.com/jobs?gh_jid=4329120009
38,"Staff Technical Program Manager, AI",Medallia,"McLean, Virginia, United States",,$139k-222k,10,,https://careers-medallia.icims.com/jobs/6340/login
38,"Senior Software Engineer, Back-End (Java)",Medallia,"McLean, Virginia, United States",,$135k-210k,5,,https://careers-medallia.icims.com/jobs/6360/login
38,"Senior Platform Software Engineer, Platform Services",Medallia,"McLean, Virginia, United States",,$138k-205k,5,,https://careers-medallia.icims.com/jobs/6364/login
38,"Senior Software Engineer, Front-End (React)",Medallia,"McLean, Virginia, United States",,,6,,https://careers-medallia.icims.com/jobs/6365/login
38,"Senior Software Engineer, Trading Infrastructure",Aptos Labs,"Palo Alto, California, New York City, New York, and Remote - United States",yes,$150k-250k,5,,https://job-boards.greenhouse.io/aptoslabs/jobs/4720881005
38,Platform Engineer,Defense Unicorns,United States - Remote,yes,$123k-166k,,blocked,https://job-boards.greenhouse.io/defenseunicorns/jobs/5208110007
38,Applied Scientist III,Garner Health,"New York City, New York",,$200k-230k,4,,https://job-boards.greenhouse.io/garnerhealth/jobs/6121272004
38,"Senior Data Scientist / Analyst, Fraud & Risk",Polymarket,New York,,,,,https://jobs.ashbyhq.com/polymarket/4df7b096-1d82-4f09-9a17-665247b2c855
38,Senior Analytics Engineer,Polymarket,New York,,,7,,https://jobs.ashbyhq.com/polymarket/924af835-ffcb-47b3-873c-6effe1104844
38,"Senior Manager, Technical Services, Global Business Systems",Intuitive,"Sunnyvale, CA, United States",,,10,,https://jobs.smartrecruiters.com/Intuitive/744000144419649
38,Senior DevOps Engineer,Intuitive,"Sunnyvale, CA, United States",,,7,,https://jobs.smartrecruiters.com/Intuitive/744000145607619
38,"Senior Lead Software Engineer, Developer Infrastructure",Klaviyo,"Boston, MA",,$216k-324k,12,,https://www.klaviyo.com/careers/jobs/7917878003?gh_jid=7917878003
37,Senior Software Engineer (Ruby on Rails/React),CompanyCam,Remote (U.S.),yes,$175k-200k,5,,https://companycam.com/job?gh_jid=7978395003
37,"Product Manager, Desk",FareHarbor,"Denver, CO ",,$120k-180k,5,,https://fareharbor.com/careers/jobs?gh_jid=8756800002
37,"Senior Software Engineer, Onboard",Atoms,"San Francisco, CA",,$176k-242k,,,https://job-boards.greenhouse.io/atoms/jobs/8717656002
37,Senior Staff Information Security Engineer,NMI,"Remote, US",yes,,,,https://job-boards.greenhouse.io/nmi/jobs/5372941008
37,Technical Product Manager - EHR,Nabla,New York office,,,6,,https://jobs.ashbyhq.com/nabla/64ba6d61-b09d-48cd-bde7-5a2db4b53cb3
37,Senior Intelligence Systems Engineer,Polymarket,Remote,yes,,,,https://jobs.ashbyhq.com/polymarket/42e9a690-9f4c-4810-8524-5817cb32db51
37,Manager Finance - Global Manufacturing Strategy & Operations,Intuitive,"Sunnyvale, CA, United States",,,6,,https://jobs.smartrecruiters.com/Intuitive/744000142011279
37,Infrastructure Platform Engineer,Tapestry,"New York, New York, USA (Corporate Headquarters)",,$130k-140k,7,,https://tapestry.wd108.myworkdayjobs.com/tapestry_careers/job/New-York-New-York-USA-Corporate-Headquarters/Infrastructure-Platform-Engineer_JR12729-1
36,Senior QA Engineer,ICE,"Atlanta, Georgia, United States",,,5,,https://careers-ice.icims.com/jobs/13646/login
36,"Director, Product Program Management",Ardent Health,Remote - Nationwide,yes,,,,https://ensemblehp.wd5.myworkdayjobs.com/ensemblehealthpartnerscareers/job/Remote---Nationwide/Director--Product-Program-Management_R040320
36,Implementation Engineer - EMEA,Fingerprint,Remote,yes,,3,blocked,https://fingerprint.com/careers/jobs/apply?gh_jid=6149778004
36,GTM Product Analyst,Edmentum,United States,yes,$110k-120k,4,,https://job-boards.greenhouse.io/edmentum/jobs/6148611004
36,(1535) Staff Backend Engineer (.NET),Nortal,Latin America - Remote,yes,,7,,https://job-boards.greenhouse.io/nortal/jobs/5211528007
36,CNC Programmer 2 - 3rd Shift,Oldcastle BuildingEnvelope,"Newnan, GA",,,,,https://job-boards.greenhouse.io/oldcastlebuildingenvelope/jobs/4342607009
36,"Data Analyst, People Analytics",RVO Health,"Charlotte, North Carolina, United States",,$75k-95k,1,blocked,https://job-boards.greenhouse.io/rvohealth/jobs/4721689005
36,Project Manager- Nutrition,Trove Brands,"Lehi, Utah",,,1,,https://job-boards.greenhouse.io/trovebrands/jobs/4385262009
36,"Software Engineer, Enterprise Security",Warp,Remote,yes,,5,,https://job-boards.greenhouse.io/warp/jobs/6163780004
36,Technical Product Manager,Clera,Indianapolis,yes,$170k-200k,2,blocked,https://jobs.ashbyhq.com/clera/50a93ac0-01b9-4afe-b24a-e7640f2ebdc7
36,Fall Data Intern,Vendelux,"New York, NY",,,,,https://jobs.ashbyhq.com/vendelux/ec44a794-9622-444e-a789-491fa12726dd
36,"Technical Product Manager, API Partnerships",Kasheesh,New York City,,$150k-175k,,,https://jobs.lever.co/kasheesh/3e2ff483-2357-4e2f-b8ee-b9e1a6533334
36,"Senior Product Manager, Clinical Digital Insights",Intuitive,"Peachtree Corners, GA, United States",,,,,https://jobs.smartrecruiters.com/Intuitive/744000143606629
36,"Senior Product Manager, Clinical Digital Insights",Intuitive,"Sunnyvale, CA, United States",,,,,https://jobs.smartrecruiters.com/Intuitive/744000143606639
36,Systems Analyst (Robotic Algorithms and Controls),Intuitive,"Sunnyvale, CA, United States",,,5,,https://jobs.smartrecruiters.com/Intuitive/744000144844929
36,Staff Software Engineer,Intuitive,"Sunnyvale, CA, United States",,,12,,https://jobs.smartrecruiters.com/Intuitive/744000145844379
36,"Senior Applied Scientist, Speech",Otter.ai,"Mountain View, CA",,$230k-265k,5,,https://otter.ai/careers?gh_jid=7884371003
35,"Senior AI/ML Platform Engineer, GovCloud",Medallia,"McLean, Virginia, United States",,$148k-221k,5,blocked,https://careers-medallia.icims.com/jobs/6384/login
35,"Senior Software Engineer, Platform",CompanyCam,Remote (U.S.),yes,$175k-200k,5,,https://companycam.com/job?gh_jid=7826250003
35,Sr. Product Data Analyst,CompanyCam,Remote (U.S.),yes,$130k-140k,5,,https://companycam.com/job?gh_jid=7915940003
35,Applied Scientist II,Garner Health,"New York City, New York",,$158k-190k,2,,https://job-boards.greenhouse.io/garnerhealth/jobs/6141361004
35,Staff Applied Scientist,Garner Health,"New York City, New York",,$300k-390k,6,,https://job-boards.greenhouse.io/garnerhealth/jobs/6141418004
35,Senior/Staff Forward Deployed Software Engineer - TS/SCI Cleared,Twenty,"Chantilly, VA",,,6,blocked,https://jobs.ashbyhq.com/twenty/0e69685f-cb45-4cd6-905c-4686c50e7c94
35,Sr. Machine Learning Engineer,Intuitive,"Sunnyvale, CA, United States",,,5,,https://jobs.smartrecruiters.com/Intuitive/744000145565870
35,Customer Finance Operations Specialist,Intuitive,"Sunnyvale, CA, United States",,,4,,https://jobs.smartrecruiters.com/Intuitive/744000145986129
34,"Business Operations Associate, AI & Automation",Instawork,"San Francisco, California, United States",,$90k-130k,,,https://job-boards.greenhouse.io/instawork/jobs/4702041006
34,Senior Front End Engineer,Blitzy,"Cambridge, MA",,,10,,https://jobs.ashbyhq.com/blitzy/10dbb802-bc7b-4800-887f-9e4d2a08b1f9
34,"Implementation Consultant, Advisory",Fieldguide,"San Francisco, CA or Remote (USA)",yes,,2,,https://jobs.ashbyhq.com/fieldguide/272b27ba-e7e2-4da5-9fba-7336c5a4083a
34,"Senior Implementation Consultant, Audit",Fieldguide,"San Francisco, CA or Remote (USA)",yes,,5,,https://jobs.ashbyhq.com/fieldguide/2a905da2-3492-4c98-85fa-c90745e02df6
34,"Implementation Consultant, Audit",Fieldguide,"San Francisco, CA or Remote (USA)",yes,,2,,https://jobs.ashbyhq.com/fieldguide/4c43f78d-3dd0-4779-b872-dff4498345ce
34,Enterprise Implementation Manager,Arcadia,Remote,yes,,3,,https://jobs.lever.co/arcadia/facff254-78e3-4328-83f4-fd13fa7ef627
34,Manufacturing Operations Manager,GTI Fabrication,"Goodyear, AZ",,,,,https://jobs.lever.co/gtifabrication/e3eee49e-14f5-4c6a-abc8-059295bdef95
34,Sr MLOps Engineer,Intuitive,"Sunnyvale, CA, United States",,,3,,https://jobs.smartrecruiters.com/Intuitive/744000141901549
34,"Staff Applied Data Scientist, Agentic AI",Emergence AI,"Irvine, CA ",,,,,https://www.emergence.ai/careers?gh_jid=4371385009
34,Senior Software Engineer,ZoomInfo,"Waltham, Massachusetts, United States",,$140k-220k,5,,https://www.zoominfo.com/careers?gh_jid=8604686002
33,QA Engineer,Alteva RCM,Remote,yes,$70k-115k,2,,https://job-boards.greenhouse.io/altevarcm/jobs/4380969009
33,Senior GTM Systems Engineer,Hightouch,"San Francisco, California / New York City, New York/ Remote",yes,$190k-240k,,,https://job-boards.greenhouse.io/hightouch/jobs/6167699004
33,"Creative Operations Manager, Media & Trafficking",Polymarket,New York,,,,,https://jobs.ashbyhq.com/polymarket/1adb6eb0-11ab-4034-9915-7d783a93e231
33,Cardiovascular Program Specialist - North Central (Future Opportunity),Intuitive,"Nashville, TN, United States (Remote)",yes,,2,,https://jobs.smartrecruiters.com/Intuitive/744000145972420
33,Cardiovascular Program Specialist - South Central (Future Opportunity),Intuitive,"Dallas, TX, United States (Remote)",yes,,2,,https://jobs.smartrecruiters.com/Intuitive/744000145975628
33,Cardiovascular Program Specialist - Southeast (Future Opportunity),Intuitive,"Atlanta, GA, United States",,,2,,https://jobs.smartrecruiters.com/Intuitive/744000145976009
33,Cardiovascular Program Specialist - Northeast (Future Opportunity),Intuitive,"Boston, MA, United States (Remote)",yes,,2,,https://jobs.smartrecruiters.com/Intuitive/744000145976563
33,Full Stack Engineer,Intuitive,"Sunnyvale, CA, United States",,,3,,https://jobs.smartrecruiters.com/Intuitive/744000146230504
33,Senior Lead Technical Program Manager - Infrastructure,Klaviyo,"Boston, MA",,$192k-288k,8,,https://www.klaviyo.com/careers/jobs/7855726003?gh_jid=7855726003
33,"Senior Program Manager, GTM",ZoomInfo,"Waltham, Massachusetts, United States",,$103k-162k,7,,https://www.zoominfo.com/careers?gh_jid=8654483002
32,2027 Machine Learning Summer Internship,Advanced Space,"Westminster, CO",,$0k-0k,,,https://job-boards.greenhouse.io/advancedspace/jobs/4324875009
32,Senior Revenue Operations Analyst,Garner Health,Remote,yes,$100k-130k,,blocked,https://job-boards.greenhouse.io/garnerhealth/jobs/6147843004
32,Automation Engineer,Plexus,"Nampa, ID, US",,,,,https://jobs.plexus.com/careers/job/1099555566728?domain=plexus.com
32,Senior Vision Systems Engineer,Intuitive,"Sunnyvale, CA, United States",,,8,,https://jobs.smartrecruiters.com/Intuitive/744000144162957
32,Senior Software Engineer – Simulation & ML Platform,Intuitive,"San Francisco, CA, United States",,,5,,https://jobs.smartrecruiters.com/Intuitive/744000144165357
32,Senior Technical Business Systems Analyst – Legal Systems,Intuitive,"Sunnyvale, CA, United States",,,,,https://jobs.smartrecruiters.com/Intuitive/744000144177889
32,Senior Configuration Release Engineer,Intuitive,"Sunnyvale, CA, United States",,,5,,https://jobs.smartrecruiters.com/Intuitive/744000145812724
32,Senior Software Engineer - IDP,ZoomInfo,Remote-US-NY,yes,$140k-220k,5,,https://www.zoominfo.com/careers?gh_jid=8658369002
31,"Staff Infrastructure Engineer, US",Polymarket,New York,,,8,,https://jobs.ashbyhq.com/polymarket/8acac0bc-ebca-468b-a71e-8ba7dbb18791
31,Senior Full-Stack / AI Platform Engineer,Intuitive,"Sunnyvale, CA, United States",,,6,,https://jobs.smartrecruiters.com/Intuitive/744000145606879
30,Senior Full Stack Software Engineer - Python & JavaScript,FareHarbor,"Denver, CO",,$162k-244k,4,,https://fareharbor.com/careers/jobs?gh_jid=8752507002
30,"Data Engineer II, AWS Data Platform",IDEXX,"Westbrook, ME",,,2,,https://idexx.wd115.myworkdayjobs.com/idexx/job/Westbrook-ME/Data-Engineer-II--AWS-Data-Platform_J-054305
30,2027 DevOps Summer Internship,Advanced Space,"Westminster, CO",,$0k-0k,,blocked,https://job-boards.greenhouse.io/advancedspace/jobs/4333179009
30,"Software Engineer, Payments Product Lead",Aptos Labs,"Palo Alto, California",,$160k-260k,,,https://job-boards.greenhouse.io/aptoslabs/jobs/4720917005
30,Product Manager - Customer Support Systems,Lab37,"Pittsburgh, PA",,$165k-195k,7,,https://job-boards.greenhouse.io/lab37/jobs/8716019002
30,Project Manager (York),Oldcastle BuildingEnvelope,"York, PA",,,5,,https://job-boards.greenhouse.io/oldcastlebuildingenvelope/jobs/4342694009
30,Project Manager (Albertville),Oldcastle BuildingEnvelope,"Albertville, MN",,$75k-90k,5,,https://job-boards.greenhouse.io/oldcastlebuildingenvelope/jobs/4356591009
30,Lead Data Engineer,Atticus,Remote,yes,$174k-230k,4,,https://jobs.ashbyhq.com/atticus/299af7cf-5963-43a9-8262-be4358271358
30,Senior Test Engineer,Acron Aviation,"Grand Rapids, MI",,,6,,https://jobs.lever.co/acronaviation/21b97834-3bf1-4314-9789-dc41220dbd7c
30,"Staff Applied AI Engineer, Product & Agent Performance",Arcadia,Remote (USA),yes,,8,,https://jobs.lever.co/arcadia/67cc8e4a-92bc-4d3b-a158-1098c15939e0
30,"Sr. Product Manager, Instruments - GYN",Intuitive,"Sunnyvale, CA, United States",,,,,https://jobs.smartrecruiters.com/Intuitive/744000146228839
30,"Principal Product Management, Growth",ZoomInfo,Remote,yes,,8,,https://www.zoominfo.com/careers?gh_jid=8561615002
29,Platform Engineer,Defense Unicorns,"San Antonio, Texas",,$123k-166k,,blocked,https://job-boards.greenhouse.io/defenseunicorns/jobs/5224430007
29,Senior Mobile Engineer,Abridge,California,,,7,,https://jobs.ashbyhq.com/abridge/9e4579cb-90a6-475d-9293-598791debca3
29,Staff Fullstack Engineer,Polymarket,New York,,,7,,https://jobs.ashbyhq.com/polymarket/9cd88b79-821e-4b99-8448-7beb02f45683
29,Principal Software Engineer-Platforms,Arcadia,Remote (USA),yes,,,,https://jobs.lever.co/arcadia/631c2c22-0759-4f84-a9a1-11305917c510
29,Manufacturing Operations Manager,GTI Fabrication,"Buffalo, NY",,,,,https://jobs.lever.co/gtifabrication/91934ae6-6530-4131-a157-c1b6c78fcf93
29,Sr Embedded Software Engineer,Intuitive,"Sunnyvale, CA, United States",,,6,,https://jobs.smartrecruiters.com/Intuitive/744000141337499
29,"2027 Summer Analyst Intern, Valuations & Opinions Group",Lincoln International,"Atlanta, GA; Dallas, TX; New York, NY",,,,,https://www.lincolninternational.com/greenhouse?gh_jid=8109855
28,"Senior Platform Engineer, Systems Engineering",ICE,"Atlanta, Georgia; Jacksonville, Florida, United States",,,5,,https://careers-ice.icims.com/jobs/13280/login
28,"Product Manager, Integration & Ecosystem",Atoms,"Mountain View, CA",,$195k-246k,8,,https://job-boards.greenhouse.io/atoms/jobs/8658605002
28,Product Manager - Fleet Management,Lab37,"Pittsburgh, PA",,$165k-195k,7,,https://job-boards.greenhouse.io/lab37/jobs/8697410002
28,"(1534) Senior Fullstack Software Engineer (React, Node.js & Python)",Nortal,Latin America - Remote,yes,,6,,https://job-boards.greenhouse.io/nortal/jobs/5210174007
28,Senior Systems Analyst (Robotic Algorithms and Control),Intuitive,"Sunnyvale, CA, United States",,,6,,https://jobs.smartrecruiters.com/Intuitive/744000141790204
28,Staff Embedded Software Engineer,Intuitive,"Sunnyvale, CA, United States",,,12,,https://jobs.smartrecruiters.com/Intuitive/744000144333776
28,Senior Software Engineer - Embedded UI (Qt / C++),Intuitive,"Sunnyvale, CA, United States",,,8,,https://jobs.smartrecruiters.com/Intuitive/744000144400244
27,"Staff Product Security Engineer, AI Security & Security Assurance",Medallia,"McLean, Virginia, United States",,$154k-205k,8,,https://careers-medallia.icims.com/jobs/6308/login
27,Product Manager - Training & Learning Management Systems,Lab37,"Pittsburgh, PA",,$165k-195k,7,,https://job-boards.greenhouse.io/lab37/jobs/8715859002
27,(1537) Senior Fullstack Engineer (Node.js & React),Nortal,Latin America - Remote,yes,,,,https://job-boards.greenhouse.io/nortal/jobs/5213610007
27,Billing Operations Specialist (PST),Octave,United States,,$0k-0k,2,blocked,https://job-boards.greenhouse.io/octave/jobs/8727826002
27,"Senior/Staff Software Engineer, Front End",Abridge,California,,,7,,https://jobs.ashbyhq.com/abridge/983ea248-e6c9-43bc-a27d-914091173337
27,"Lead/Principal Product Manager, Audit Agents",Fieldguide,"San Francisco, CA",yes,,7,,https://jobs.ashbyhq.com/fieldguide/716f6d0e-6796-4747-989f-c0e639bae10e
27,Sr. Motor Test Engineer,Innomotics,"Norwood, OH, US",,$81k-210k,7,,https://jobs.innomotics.com/job/Norwood-Sr_-Motor-Test-Engineer-OH-45212/1421412533
27,Staff Data Scientist – Simulation Motion AI,Intuitive,"San Francisco, CA, United States",,,9,,https://jobs.smartrecruiters.com/Intuitive/744000144167459
27,"Senior Software Engineer, Data Infrastructure",ZoomInfo,Remote,yes,$140k-220k,5,,https://www.zoominfo.com/careers?gh_jid=8687939002
26,"Backend Engineer, Markets",Polymarket,New York,,,1,,https://jobs.ashbyhq.com/polymarket/c69d06c3-96df-493a-afdc-80636d494cf2
26,"Senior Data Scientist / Analyst, Product",Polymarket,New York,,,,,https://jobs.ashbyhq.com/polymarket/ddcc0048-6175-4c9b-847a-ce02e4508377
26,Sr. Simulation & Synthetic Data Engineer,Intuitive,"Sunnyvale, CA, United States",,,,,https://jobs.smartrecruiters.com/Intuitive/744000141307205
26,Robotic Algorithms and Controls Engineer (Systems Analyst),Intuitive,"Sunnyvale, CA, United States",,,4,,https://jobs.smartrecruiters.com/Intuitive/744000142669611
26,Clinical Applications Engineer,Intuitive,"Chicago, IL, United States",,,2,,https://jobs.smartrecruiters.com/Intuitive/744000142689880
26,Staff Software Engineer - Emulation,Intuitive,"Sunnyvale, CA, United States",,,12,,https://jobs.smartrecruiters.com/Intuitive/744000145566219
25,Sr. System Engineer,Stratasys,"Rehovot, IL, IL",,,5,,https://careers.stratasys.com/job/Rehovot-Sr_-System-Engineer-IL/1390554100
25,Product Manager,Quilt,"Redwood City, CA",,$180k-230k,6,,https://job-boards.greenhouse.io/quilt/jobs/5221801007
25,Full Stack Software Engineer,Clera,New York,,$120k-200k,3,blocked,https://jobs.ashbyhq.com/clera/2521279c-c936-45c2-b9cf-4b7e1fe4c9d2
25,"Staff Web Engineer, Marketing",Deepgram,USA | Remote,yes,,,,https://jobs.ashbyhq.com/deepgram/4f9648d7-e25c-440c-8ec6-566a405c7c23
25,"Lead Mobile Engineer, Performance",Polymarket,New York,,,,,https://jobs.ashbyhq.com/polymarket/b852e612-a643-4ef6-83e2-6a3c0dea3d84
25,"Sales Operations Manager, Enablement",Scribe,Remote,yes,,,,https://jobs.ashbyhq.com/scribe/6d5d031b-3bfb-4ac5-9d95-bab840427724
25,Senior Software Engineer,ZoomInfo,Remote-US-NY,yes,$140k-220k,8,,https://www.zoominfo.com/careers?gh_jid=8658371002
24,"Principal Product Manager, Camera & Photos",CompanyCam,Remote (U.S.),yes,$215k-235k,8,,https://companycam.com/job?gh_jid=7811759003
24,Scheduler I,Oldcastle BuildingEnvelope,"Terrell, TX",,,18,,https://job-boards.greenhouse.io/oldcastlebuildingenvelope/jobs/4357225009
24,Marketing Program Manager,OpenEye,"Liberty Lake, Washington",,,3,,https://job-boards.greenhouse.io/openeye/jobs/8715971002
24,"Senior Data Scientist / Analyst, Growth",Polymarket,New York,,,,,https://jobs.ashbyhq.com/polymarket/ebdcaee3-2a6c-4bf1-8647-f0b9e6222a4f
24,"Senior Software Engineer, Unity",Intuitive,"Peachtree Corners, GA, United States",,,5,,https://jobs.smartrecruiters.com/Intuitive/744000142743999
24,Senior GTM Partner Systems Engineer,Klaviyo,"Boston, MA",,$116k-174k,,,https://www.klaviyo.com/careers/jobs/7806010003?gh_jid=7806010003
24,Software Engineer III,ZoomInfo,"Waltham, Massachusetts, United States",,$112k-176k,4,,https://www.zoominfo.com/careers?gh_jid=8733673002
23,Staff Software Engineer - OCR / Text Extraction,NetDocuments,Remote - US,yes,,8,,https://job-boards.greenhouse.io/netdocuments/jobs/5398761008
23,"Staff Software Engineer, Cloud Infrastructure",Accord,"San Francisco, CA",,,,,https://jobs.ashbyhq.com/accord/5f8bd5d9-c96d-4861-bca0-fa1549baf5a9
23,Customer Strategy & Ops - New Grad,Candid Health,"San Francisco (CA),  Denver (CO), New York (NY)",,,,,https://jobs.ashbyhq.com/candidhealth/9a33f09d-5cd1-424d-ada2-426bc1570e54
23,"Lead/Principal Product Manager, Tax Agents",Fieldguide,"San Francisco, CA or Remote (USA)",yes,,8,,https://jobs.ashbyhq.com/fieldguide/5a7e0342-6df8-4455-968a-c07280360921
23,Technical Product Manager - RCM,Flagler Health,Remote,yes,,,,https://jobs.ashbyhq.com/flaglerhealth/8f6e4acd-8aa5-4e38-b0ac-9f117b8a60ab
23,"Senior Web Engineer, Perps",Polymarket,New York,,,3,,https://jobs.ashbyhq.com/polymarket/5d320b62-05d5-488e-a619-8eac8aa1c8d0
23,"Lead, Systems Engineer",Acron Aviation,"Phoenix, AZ",,,9,,https://jobs.lever.co/acronaviation/70842cb4-2729-4dce-a6bf-4ab495f7ba4d
23,Sr Financial Analyst - Future Forward FP&A,Intuitive,"Sunnyvale, CA, United States",,,4,,https://jobs.smartrecruiters.com/Intuitive/744000141008559
22,"Software Engineer II, Platform",Bubble,Remote ,yes,$145k-187k,2,,https://jobs.ashbyhq.com/bubble/6321b27c-b549-476e-9a75-5f5dede7ab57
22,Product Manager,Candid Health,New York City,,$150k-195k,4,,https://jobs.ashbyhq.com/candidhealth/6695d8d8-54ee-4acf-9bd9-7d3e05264e51
22,"Senior Backend Engineer, Data Ingestion",Scribe,Remote,yes,,8,,https://jobs.ashbyhq.com/scribe/70043fce-177c-4986-9c47-4f5f9dbc50c0
22,Chief of Staff - Commercial Strategy,Arcadia,Remote (USA),yes,,,,https://jobs.lever.co/arcadia/648a0928-f5df-4d5e-856b-a9a7a9115cc6
21,2026 Team Member Success Fall Internship,Advanced Space,"Westminster, CO",,$0k-0k,,blocked,https://job-boards.greenhouse.io/advancedspace/jobs/4376598009
21,"Senior Data Scientist / Analyst, Institutional",Polymarket,New York,,,,,https://jobs.ashbyhq.com/polymarket/4bcdc897-3126-4d8e-ba8a-d398255cad6e
21,"Senior Backend Engineer, Services",Polymarket,New York,,,4,,https://jobs.ashbyhq.com/polymarket/4c7d9ad7-1720-413d-bcc6-81d5be34cb96
21,Senior Software Engineer,Intuitive,"Sunnyvale, CA, United States",,,8,,https://jobs.smartrecruiters.com/Intuitive/744000140977220
20,Director of Product Operations (On-site),Phenom,"Horsham, Pennsylvania, United States",,,8,,https://careers.phenom.com/us/en/job/P-104692
20,Construction Program Manager,Lab37,"Pittsburgh, PA",,,,,https://job-boards.greenhouse.io/lab37/jobs/8742361002
19,Robotics Software Engineer,Intuitive,"Sunnyvale, CA, United States",,,,,https://jobs.smartrecruiters.com/Intuitive/744000141577259
18,Senior Fullstack Engineer,Clera,remote,yes,,5,blocked,https://jobs.ashbyhq.com/clera/2ebd36ea-58b4-4104-ad58-d5982f3f7f37
18,Senior Embedded Software Engineer - Vision,Intuitive,"Sunnyvale, CA, United States",,,8,,https://jobs.smartrecruiters.com/Intuitive/744000141553944
18,Senior Embedded Software Development Engineer Video,Intuitive,"Sunnyvale, CA, United States",,,8,,https://jobs.smartrecruiters.com/Intuitive/744000141554379
18,2027 M&A Summer Associate Intern,Lincoln International,"Chicago, IL; New York, NY; Los Angeles, CA; San Francisco, CA",,,,,https://www.lincolninternational.com/greenhouse?gh_jid=8106841
16,Senior Finance Systems Analyst,Haworth,"Holland, MI, US",,,,,https://careers.haworth.com/job/Holland-Senior-Finance-Systems-Analyst-MI-49423/1418288200
16,"Sr Software Engineer, PlanPoint",Intuitive,"Sunnyvale, CA, United States",,,,,https://jobs.smartrecruiters.com/Intuitive/744000141300694
16,Principal Software Engineer - PA172,ZoomInfo,"Bethesda, Maryland, United States; San Francisco, California, United States; Waltham, Massachusetts, United States",,$163k-257k,,,https://www.zoominfo.com/careers?gh_jid=8661955002
15,Associate Systems Engineer,Acron Aviation,"Phoenix, AZ",,,,,https://jobs.lever.co/acronaviation/462305af-8411-4367-9bee-1fdd49bdff37
14,2027 Systems Engineering Summer Internship,Advanced Space,"Westminster, CO",,$0k-0k,,blocked,https://job-boards.greenhouse.io/advancedspace/jobs/4376394009
14,"Managing Staff, Embedded Software Engineer - Advanced Energy",Intuitive,"Sunnyvale, CA, United States",,,12,,https://jobs.smartrecruiters.com/Intuitive/744000143309911
14,AI/Machine Learning Engineer,Veritone,"Irvine, CA",,,3,,https://veritone.wd1.myworkdayjobs.com/veritone_career_site/job/Irvine-CA/AI-Machine-Learning-Engineer_R0194
13,Senior Java Developer,ICE,"Atlanta, Georgia, United States",,,,,https://careers-ice.icims.com/jobs/11554/login
13,2027 Software Engineering Summer Internship,Advanced Space,"Westminster, CO",,$0k-0k,,,https://job-boards.greenhouse.io/advancedspace/jobs/4324855009
12,Staff Fullstack Engineer,Clera,remote,yes,$185k-240k,8,open,https://jobs.ashbyhq.com/clera/c2597c13-c8a2-4e58-9276-a0612daa1343
11,2027 Mission Design Summer Internship,Advanced Space,"Westminster, CO",,$0k-0k,,,https://job-boards.greenhouse.io/advancedspace/jobs/4324900009
11,2027 Navigation Summer Internship,Advanced Space,"Westminster, CO",,$0k-0k,,,https://job-boards.greenhouse.io/advancedspace/jobs/4324913009
10,"Sr. Product Manager, Platform",Tenstorrent,"Santa Clara, California, United States",,$100k-500k,,,https://job-boards.greenhouse.io/tenstorrent/jobs/5207111007
10,Senior Fullstack Engineer,Clera,remote,yes,$150k-220k,5,open,https://jobs.ashbyhq.com/clera/ec2ab2fa-932e-4cc2-a17b-348eb5da6f52
8,"Business Systems Analyst Sr, ERP (Financial Aid), Digital Technology Solutions",University of Cincinnati,"Cincinnati, OH, US",,,,,https://jobs.uc.edu/job/Cincinnati-Business-Systems-Analyst-Sr%2C-ERP-%28Financial-Aid%29%2C-Digital-Technology-Solutions-OH-45221/1424526100
8,Co-op Student - DTS Office of Information Security,University of Cincinnati,"Cincinnati, OH, US",,,,,https://jobs.uc.edu/job/Cincinnati-Co-op-Student-DTS-Office-of-Information-Security-OH-45221/1414729100
8,"Financial Analyst Sr, COM, Department of Neurosurgery",University of Cincinnati,"Cincinnati, OH, US",,,,,https://jobs.uc.edu/job/Cincinnati-Financial-Analyst-Sr%2C-COM%2C-Department-of-Neurosurgery-OH-45221/1419029400
8,"Financial Analyst Sr,  COM, Radiology Department",University of Cincinnati,"Cincinnati, OH, US",,,,,https://jobs.uc.edu/job/Cincinnati-Financial-Analyst-Sr%2C-COM%2C-Radiology-Department-OH-45221/1423955200
8,"Program Manager, Career Services at UC Clermont College",University of Cincinnati,"Cincinnati, OH, US",,,,,https://jobs.uc.edu/job/Cincinnati-Program-Manager%2C-Career-Services-at-UC-Clermont-College-OH-45221/1420521200
8,"Program Manager, COM Simulation Center",University of Cincinnati,"Cincinnati, OH, US",,,,,https://jobs.uc.edu/job/Cincinnati-Program-Manager%2C-COM-Simulation-Center-OH-45221/1423968100
8,"Program Manager, Department of Biostatistics, Health Informatics and Data Sciences",University of Cincinnati,"Cincinnati, OH, US",,,,,https://jobs.uc.edu/job/Cincinnati-Program-Manager%2C-Department-of-Biostatistics%2C-Health-Informatics-and-Data-Sciences-OH-45221/1423961000
8,"Program Manager - Education, Department of Neurology & Rehabilitation Medicine",University of Cincinnati,"Cincinnati, OH, US",,,,,https://jobs.uc.edu/job/Cincinnati-Program-Manager-Education%2C-Department-of-Neurology-&amp;-Rehabilitation-Medicine-OH-45221/1417909100
7,Software Engineer II,Garner Health,"New York City, New York",,,2,,https://job-boards.greenhouse.io/garnerhealth/jobs/6104319004
7,"Software Engineer, Applied AI Research",Hightouch,Remote (North America),yes,$180k-400k,,,https://job-boards.greenhouse.io/hightouch/jobs/6174215004
3,Intern/Student Project Management,Stratasys,"Butzbach, DE",,,,,https://careers.stratasys.com/job/Butzbach-InternStudent-Project-Management/1406208500
