company,display_name,board_url,ats_type,status,complete,raw_jobs,adopt,note
Bowhead,UIC Alaska,https://bowheadcareers-uicalaska.icims.com/jobs/search?ss=1&in_iframe=1,icims,readable,True,288,yes,"Registered using the employer identified by the public portal, instead of the saved candidate label."
FujiFilm,FujiFilm,https://uscareers-fujifilm.icims.com/jobs/search?ss=1&in_iframe=1,icims,readable,True,302,yes,Complete public listing verified.
Fred Hutchinson Cancer Center,Fred Hutchinson Cancer Center,https://careers-fhcrc.icims.com/jobs/search?ss=1&in_iframe=1,icims,readable,True,200,yes,Complete public listing verified.
"Keller North America, Inc.","Keller North America, Inc.",https://uscareers-kellerna.icims.com/jobs/search?ss=1&in_iframe=1,icims,readable,True,99,yes,Complete public listing verified.
Oak View Group,Oak View Group,https://teamwork-ovg.icims.com/jobs/search?ss=1&in_iframe=1,icims,readable,True,1415,yes,Complete public listing verified.
YMCA,YMCA of Central New Mexico,https://careers-centralnm-ymca.icims.com/jobs/search?ss=1&in_iframe=1,icims,readable,True,14,yes,"Registered using the employer identified by the public portal, instead of the saved candidate label."
Gummi World,Gummi World,https://intivahealth.applytojob.com/apply,jazzhr,readable,True,7,yes,Complete public listing verified.
infraSource,Quanta Services,https://careers-quanta.icims.com/jobs/search?ss=1&in_iframe=1,icims,readable,True,539,yes,"Registered using the employer identified by the public portal, instead of the saved candidate label."
Ohio State University Physicians,Ohio State University Physicians,https://careers-osuphysicians.icims.com/jobs/search?ss=1&in_iframe=1,icims,readable,True,97,yes,Complete public listing verified.
REI Systems,REI Systems,https://careers-reisystems.icims.com/jobs/search?ss=1&in_iframe=1,icims,readable,True,19,yes,Complete public listing verified.
Partnership HealthPlan of California,Partnership HealthPlan of California,https://careers-partnershiphp.icims.com/jobs/search?ss=1&in_iframe=1,icims,readable,True,43,yes,Complete public listing verified.
Lynker,Lynker,https://careers-lynker.icims.com/jobs/search?ss=1&in_iframe=1,icims,readable,True,89,yes,Complete public listing verified.
Advatix,Advatix,https://advatixinc.applytojob.com/apply,jazzhr,readable,True,119,yes,Complete public listing verified.
Chadwell Supply,Chadwell Supply,https://chadwellsupply.applytojob.com/apply,jazzhr,readable,True,75,yes,Complete public listing verified.
FNA,Ferrellgas,https://careers-ferrellgas.icims.com/jobs/search?ss=1&in_iframe=1,icims,readable,True,388,yes,"Registered using the employer identified by the public portal, instead of the saved candidate label."
RoviSys,RoviSys,https://careers-rovisysbuildingtechnologies.icims.com/jobs/search?ss=1&in_iframe=1,icims,readable,True,99,yes,Complete public listing verified.
General Dynamics Mission Systems,General Dynamics Mission Systems,https://careers-gdms.icims.com/jobs/search?ss=1&in_iframe=1,icims,readable,True,639,yes,Complete public listing verified.
Samaritan Daytop Village,Samaritan Daytop Village,https://careers-samaritanvillage.icims.com/jobs/search?ss=1&in_iframe=1,icims,readable,True,292,yes,Complete public listing verified.
"The Cadmus Group, Inc.","The Cadmus Group, Inc.",https://careers-cadmusgroup.icims.com/jobs/search?ss=1&in_iframe=1,icims,readable,True,11,yes,Complete public listing verified.
Connection,Connection,https://careers-connection.icims.com/jobs/search?ss=1&in_iframe=1,icims,readable,True,100,yes,Complete public listing verified.
Daifuku,Daifuku,https://careers-daifuku-america.icims.com/jobs/search?ss=1&in_iframe=1,icims,readable,True,163,yes,Complete public listing verified.
"Defense Health Agency Civilian Corps, Falls Church, VA","Defense Health Agency Civilian Corps, Falls Church, VA",https://careers-civilianmedicaljobs.icims.com/jobs/search?ss=1&in_iframe=1,icims,readable,True,208,no,Portal identifies itself as DHA (Archive); current employer publication needs verification.
Marvin,Marvin,https://talent-marvin.icims.com/jobs/search?ss=1&in_iframe=1,icims,readable,True,80,yes,Complete public listing verified.
Markon,Markon,https://careers-markon.icims.com/jobs/search?ss=1&in_iframe=1,icims,readable,True,236,yes,Complete public listing verified.
Nuuly,Urban Outfitters,https://homeoffice-na-urbn.icims.com/jobs/search?ss=1&in_iframe=1,icims,readable,True,249,yes,"Registered using the employer identified by the public portal, instead of the saved candidate label."
Scientific Research Corporation,Scientific Research Corporation,https://careers-scires.icims.com/jobs/search?ss=1&in_iframe=1,icims,readable,True,252,yes,Complete public listing verified.
Spirit Halloween,Spencer's and Spirit Halloween,https://careers-spencersandspirit.icims.com/jobs/search?ss=1&in_iframe=1,icims,readable,True,24,yes,"Registered using the employer identified by the public portal, instead of the saved candidate label."
"FWI (FedWriters, Inc.)","FWI (FedWriters, Inc.)",https://careers-fedwriters.icims.com/jobs/search?ss=1&in_iframe=1,icims,readable,True,51,yes,Complete public listing verified.
Astrion,Astrion,https://astrioncareers-astrion.icims.com/jobs/search?ss=1&in_iframe=1,icims,error,False,0,no,Old URL is a JavaScript redirect; new Jibe endpoint verified separately.
Alexandria Insights,Alexandria Insights,https://alexandriainsights.applytojob.com/apply,jazzhr,readable,True,2,yes,Complete public listing verified.
All Native Group,All Native Group,https://careers-allnativegroup.icims.com/jobs/search?ss=1&in_iframe=1,icims,readable,True,70,yes,Complete public listing verified.
Ascension,Ascension,https://ascensionjobs1-ascension.icims.com/jobs/search?ss=1&in_iframe=1,icims,readable,True,3057,yes,Complete public listing verified.
i2G Systems,i2G Systems,https://careers-i2gsystems.icims.com/jobs/search?ss=1&in_iframe=1,icims,readable,True,70,yes,Complete public listing verified.
The Tatitlek Corporation,The Tatitlek Corporation,https://careers-tatitlek.icims.com/jobs/search?ss=1&in_iframe=1,icims,readable,True,153,yes,Complete public listing verified.
Tower Health,Tower Health,https://careers-towerhealth.icims.com/jobs/search?ss=1&in_iframe=1,icims,error,False,0,no,Old URL is a JavaScript redirect; new Jibe endpoint verified separately.
Clarkson University,Clarkson University,https://careers-clarkson.icims.com/jobs/search?ss=1&in_iframe=1,icims,readable,True,19,yes,Complete public listing verified.
NV5,NV5,https://careers-nv5.icims.com/jobs/search?ss=1&in_iframe=1,icims,readable,True,283,yes,Complete public listing verified.
Lewis Energy Group,Lewis Resource Management,https://uscareers-lewisenergy.icims.com/jobs/search?ss=1&in_iframe=1,icims,readable,True,31,yes,"Registered using the employer identified by the public portal, instead of the saved candidate label."
"Cajun Industries, LLC","Cajun Industries, LLC",https://talent-cajunusa.icims.com/jobs/search?ss=1&in_iframe=1,icims,readable,True,46,yes,Complete public listing verified.
UnityPoint Health,UnityPoint Health,https://careers-unitypoint.icims.com/jobs/search?ss=1&in_iframe=1,icims,error,False,0,no,Old URL is a JavaScript redirect; new portal still needs endpoint validation.
Nebo Agency,Nebo Agency,https://neboagency.applytojob.com/apply,jazzhr,readable,True,62,yes,Complete public listing verified.
Suffolk Construction,Suffolk Construction,https://careers-suffolkconstruction.icims.com/jobs/search?ss=1&in_iframe=1,icims,readable,True,341,yes,Complete public listing verified.
Astrion,Astrion,https://careers.astrion.us,jibe,readable,True,344,yes,Complete public listing verified.
Tower Health,Tower Health,https://www.towercareers.org,jibe,readable,True,343,yes,Complete public listing verified.
Mathematica,Mathematica,https://mathematica.csod.com/ux/ats/careersite/4/home,cornerstone,readable,True,17,yes,Complete public listing verified.
