company,board_url,ats_type,job_count,evidence_url
Sony Interactive Entertainment,https://job-boards.greenhouse.io/sonyinteractiveentertainmentglobal,greenhouse,192,https://careers.playstation.com/senior-product-manager/job/6191585004
Prime Healthcare,https://careers-primehealthcare.icims.com/jobs/search?ss=1&in_iframe=1,icims,3292,https://careers.primehealthcare.com/
Cloudera,https://cloudera.wd5.myworkdayjobs.com/External_Career,workday,70,https://www.cloudera.com/careers.html
Zifo,https://apply.workable.com/zifo,workable,37,https://apply.workable.com/zifo/j/2B2D6E78CE
Tyler Technologies,https://jobs.jobvite.com/tylertech,jobvite,106,https://jobs.jobvite.com/careers/tylertech/job/oJSLAfwG?__jvst=job+board&__jvsd=Indeed
LiveRamp,https://liveramp.wd5.myworkdayjobs.com/LiveRampCareers,workday,45,https://liveramp.com/careers
Fannie Mae,https://fanniemae.wd1.myworkdayjobs.com/FannieMaeCareers,workday,58,https://www.fanniemae.com/careers/search-all-jobs
Allstate Insurance,https://allstate.wd5.myworkdayjobs.com/allstate_careers,workday,479,https://www.allstate.jobs/job/23885496/senior-data-engineer-con-ii-illinois-city-il/?source=IndeedOrganicJB
Maximus,https://maximus.avature.net/careers/SearchJobs,avature,288,https://maximus.avature.net/careers/FolderDetail/United-States-Cloud-Engineer-ACOP/43243?source=eQuest
First Horizon Bank,https://ibpwjb.fa.ocs.oraclecloud.com/hcmUI/CandidateExperience/en/sites/CX_1,oracle,255,https://ibpwjb.fa.ocs.oraclecloud.com/hcmUI/CandidateExperience/en/sites/CX_1/job/1140
AGCO Corporation,https://careers.agcocorp.com,successfactors,181,https://careers.agcocorp.com/job/Tremont-Data-Scientist-IL/1431155000/
BMC Software,https://jobs.bmc.com/en_US/Careers/SearchJobs,avature,87,https://jobs.bmc.com/Careers/JobDetail/Assoc-Project-Analyst-USA/47531
L.A. Care Health Plan,https://jobs.lacare.org,successfactors,55,https://jobs.lacare.org/job/Los-Angeles-Care-Delivery-Analytics-Data-Analyst-III-CA-90017/1431322200/
TMEIC,https://apply.workable.com/tmeic-corporation-americas,workable,42,https://tmeic.com/careers/
The Nature Conservancy,https://nature.wd108.myworkdayjobs.com/ExternalCareers,workday,85,https://careers.tnc.org/us/en?vu=careers
General Dynamics Information Technology,https://gdit.wd5.myworkdayjobs.com/External_Career_Site,workday,1159,https://www.gdit.com/careers/job/c56e996e0/full-stack-software-developer-tssci-with-polygraph/
The Coca-Cola Company,https://coke.wd1.myworkdayjobs.com/coca-cola-careers,workday,214,https://coke.wd1.myworkdayjobs.com/coca-cola-careers?utm_medium=10588
Diversified Services Network,https://apply.workable.com/dsn,workable,55,https://apply.workable.com/dsn/j/50FF280DC4
Intralox,https://jobs.intralox.com/en_US/jobsintralox/SearchJobs,avature,111,https://jobs.intralox.com/en_US/jobsintralox
Zelis Healthcare,https://zelis.wd115.myworkdayjobs.com/ZelisCareers,workday,89,https://careers.zelis.com/us/en/job/JR111710
The Hartford,https://thehartford.wd5.myworkdayjobs.com/Careers_External,workday,240,https://www.jointhehartford.com/job/6488/personal-insurance-state-product-analyst-product-management-us-oh-columbus/
Norfolk Southern,https://jobs.nscorp.com,successfactors,77,https://jobs.nscorp.com/job/Atlanta-Lead-Data-Engineer-%28Databricks%2C-Big-Data%29-GA-30308/1431206700/
Picarro,https://job-boards.greenhouse.io/picarroinc,greenhouse,36,https://www.picarro.com/company/careers/job-openings/apply?gh_jid=5421494008&gh_src=xgqfk92z8us
ZOLL Medical Corporation,https://zoll.wd5.myworkdayjobs.com/ZOLLMedicalCorp,workday,250,https://careers.zoll.com/jobs/R19640
Janus Henderson Investors,https://jobs.janushenderson.com,successfactors,51,https://jobs.janushenderson.com/job/Denver-Senior-Data-Engineer-CO-80206/1431323900/
Zefr,https://jobs.ashbyhq.com/zefr,ashby,3,https://jobs.ashbyhq.com/zefr
Modine Manufacturing Company,https://careers.modine.com,successfactors,47,https://careers.modine.com/job/Buena-Vista-Associate-Product-Manager-VA-24416/8675-en_US/?feedId=407100&utm_source=Indeed&utm_campaign=Modine_Indeed
"ALPHATEC SPINE, INC.",https://apply.workable.com/atec-spine,workable,27,https://apply.workable.com/atec-spine/j/70E5B110C4
Copeland,https://copeland.wd5.myworkdayjobs.com/Copeland_External_Careers_Page,workday,407,https://www.copeland.com/en-us/careers
Tennant Company,https://jobs.tennantco.com,successfactors,71,https://jobs.tennantco.com/job/Eden-Prairie-Global-Data-Engineer-MN-55344/1431328800/
Taylor Corporation,https://taylor.wd1.myworkdayjobs.com/External,workday,145,https://www.taylor.com/careers
WellSpan Health,https://fa-evzu-saasfaprod1.fa.ocs.oraclecloud.com/hcmUI/CandidateExperience/en/sites/CX_1,oracle,1073,https://fa-evzu-saasfaprod1.fa.ocs.oraclecloud.com/hcmUI/CandidateExperience/en/sites/CX_1/job/228517
Howmet Aerospace,https://fa-exty-saasfaprod1.fa.ocs.oraclecloud.com/hcmUI/CandidateExperience/en/sites/CX_1,oracle,795,https://fa-exty-saasfaprod1.fa.ocs.oraclecloud.com/hcmUI/CandidateExperience/en/sites/CX_1/job/119248
Spin Master,https://spinmaster.wd3.myworkdayjobs.com/SpinMaster_Careers,workday,60,https://www.spinmastercareers.com/global/be/job/SPMAGLOBALR5054BEGLOBAL/Associate-Project-Manager-Contract?utm_source=indeed&utm_medium=phenom-feeds
Steel Dynamics,https://careers-steeldynamics.icims.com/jobs/search?ss=1&in_iframe=1,icims,133,https://www.steeldynamics.com/careersnew/
Walker-Miller Energy Services,https://job-boards.greenhouse.io/walkermillerenergy,greenhouse,34,https://wmenergy.com/careers/position/?gh_jid=5217143007&gh_src=9tb9d4no7us
ASUS COMPUTER INTERNATIONAL,https://jobs.jobvite.com/asus,jobvite,37,https://jobs.jobvite.com/careers/asus/job/oX3HAfw1?__jvst=Job+Board&__jvsd=Indeed
ChemTreat,https://veralto.wd1.myworkdayjobs.com/ChemTreatJobs,workday,58,https://jobs.veralto.com/global/en/chemtreat
Laitram,https://jobs.laitram.com/en_US/JobsLaitram/SearchJobs,avature,104,https://jobs.laitram.com/en_US/JobsLaitram
"onXmaps, Inc.",https://job-boards.greenhouse.io/onxmaps,greenhouse,21,https://job-boards.greenhouse.io/onxmaps/jobs/4712805006
Peraton,https://careers-peraton.icims.com/jobs/search?ss=1&in_iframe=1,icims,1526,https://www.careers.peraton.com/jobs/dev-ops-engineer-herndon-virginia-170846-jobs--information-technology--
Parsons Corporation,https://parsons.wd5.myworkdayjobs.com/Search,workday,1919,https://jobs.parsons.com/jobs/windows-software-engineer-senior-virtual-r-186254-jobs--engineering--
BlueWater Federal Solutions,https://apply-bwfed.icims.com/jobs/search?ss=1&in_iframe=1,icims,63,https://careers.bwfed.com/jobs/3302/job?utm_source=indeed_integration&iis=Job%20Board&iisn=Indeed&indeed-apply-token=73a2d2b2a8d6d5c0a62696875eaebd669103652d3f0c2cd5445d3e66b1592b0f
Academy Sports + Outdoors,https://academy.wd1.myworkdayjobs.com/Careers,workday,796,https://careers.academy.com/us/en/job/ASQASMUSR335430EXTERNALENUS/Associate-Product-Manager-Digital?utm_source=indeed&utm_medium=phenom-feeds
Farm Credit Services of America,https://careers.fcsamerica.com,successfactors,39,https://careers.fcsamerica.com/job/Omaha-Data-Engineer-NE-68137-2210/1431176800/
AT&T,https://att.wd1.myworkdayjobs.com/ATTGeneral,workday,1295,https://www.att.jobs/job/-/principal-ai-engineer-sdlc/117/100738904624?source=jb_indeed_org&utm_source=indeed.com&utm_medium=organic&utm_campaign=organic&utm_content=job_aggregator&utm_term=418039196
General Dynamics NASSCO,https://jobs.nassco.com,successfactors,54,https://jobs.nassco.com/job/Norfolk-QA-Program-Analyst-VA-23523/1427650600/
Minneapolis Public Schools,https://jobs.mpls.k12.mn.us,successfactors,141,https://jobs.mpls.k12.mn.us/job/Minneapolis-Program-Coordinator%2C-Minneapolis-Kids-Loring-MN-55401/1431206100/
Children's Healthcare of Atlanta,https://choa.wd12.myworkdayjobs.com/externalcareers,workday,498,https://careers.choa.org/us/en/job/CHOAUSR37961EXTERNALENUS/Practice-Operations-Coordinator-Critical-Care-GYN?utm_source=indeed&utm_medium=phenom-feeds
DATAMARK,https://apply.workable.com/datamark-inc,workable,78,https://apply.workable.com/datamark-inc/j/ED26FD8556
JE Dunn Construction,https://jobs.jedunn.com,successfactors,487,https://jobs.jedunn.com/job/Kansas-City-Business-Analyst-Engineering-Services-MO-64106/1431052800/
Advocate Aurora Health,https://aah.wd5.myworkdayjobs.com/External,workday,1083,https://careers.advocatehealth.org/job/23886397/program-coordinator-i-obstetrics-gynecology-winston-salem-nc/?source=10588
CACI International Inc,https://searchcareers.caci.com/careers?domain=caci.com,eightfold,1714,https://searchcareers.caci.com/careers/job/1443153538567
Lawrence Livermore National Laboratory,https://jobs.smartrecruiters.com/LLNL,smartrecruiters,157,https://www.llnl.gov/join-our-team/careers/find-your-job/all/all/3743990015354096
Bass Pro Shops,https://basspro.wd1.myworkdayjobs.com/careers,workday,2359,https://careers.basspro.com/us/en/job/R265579
Merck KGaA,https://careers.emdgroup.com,phenom,871,https://careers.emdgroup.com/us/en/job/MQAEGZUS303781EXTERNALENUS/Megasys-Project-Coordinator?utm_source=indeed&utm_medium=phenom-feeds
MTSI,https://talent.mtsi-va.com/careers?domain=mtsi-va.com,eightfold,398,https://talent.mtsi-va.com/careers/job/1133915894886?domain=mtsi-va.com
ChristianaCare,https://christianacare.wd5.myworkdayjobs.com/CCHS,workday,378,https://careers.christianacare.org/posting/JR93824/
David Weekley Homes,https://jobs.smartrecruiters.com/wgc,smartrecruiters,110,https://careers.davidweekleyhomes.com/Administrative/JobPosting/21272
Delaware Nation Industries,https://apply.workable.com/dnigov,workable,37,https://apply.workable.com/dnigov/j/3B5A3885D5
DTE Energy,https://careers.dteenergy.com,successfactors,77,https://careers.dteenergy.com/job/Detroit-Senior-Cloud-Engineer-MI-48201/1394704700/
Dane Street,https://apply.workable.com/dane-street-llc,workable,414,https://site.danestreet.com/employment-opportunities/
ECU Health,https://careers.ecuhealth.org,phenom,464,https://careers.ecuhealth.org/us/en/job/984963
Jackson Health System,https://jobs.jacksonhealth.org,phenom,509,https://jobs.jacksonhealth.org/us/en/job/JHSYUS224904EXTERNALENUS/Senior-Business-Analyst-Healthcare-Analytics-Full-Time-Days?utm_source=indeed&utm_medium=phenom-feeds
MetaPhase Consulting,https://jobs.jobvite.com/metaphaseconsulting,jobvite,13,https://jobs.jobvite.com/careers/metaphaseconsulting/job/oXhOAfwm?__jvst=job+board&__jvsd=Indeed
Moss Holding Company,https://apply.workable.com/moss-holding-company,workable,20,https://apply.workable.com/moss-holding-company/j/4D9D16E14E
MIT Lincoln Laboratory,https://careers.ll.mit.edu,successfactors,192,https://careers.ll.mit.edu/job/Lexington-Project-Coordinator-MA-02420/1428026600/
CFRA Research,https://cfra.pinpointhq.com,pinpoint,5,https://www.cfraresearch.com/careers/
CITY HOME,https://recruiting.ultipro.com/CIT1035CIFR/JobBoard/9230cd8b-3a93-4eec-9a9f-13cc158230a6,ultipro,91,https://jobs.cityhome.com/jobs
Cielo Talent,https://jobs.smartrecruiters.com/Cielo2,smartrecruiters,75,https://careers.cielotalent.com/en/jobs
Genworth,https://gnw.wd1.myworkdayjobs.com/GNW,workday,68,https://www.genworth.com/about-us/building-careers
Hilltop Holdings,https://ejlu.fa.us2.oraclecloud.com/hcmUI/CandidateExperience/en/sites/HilltopHoldingsAllJobs,oracle,266,https://hilltop.com/careers/
Inspire Brands,https://inspirebrands.wd5.myworkdayjobs.com/InspireCareers,workday,88,https://careers.inspirebrands.com/early-careers
Kraken,https://jobs.ashbyhq.com/kraken.com,ashby,75,https://www.kraken.com/careers
MedPro Group,https://medprou.csod.com/ux/ats/careersite/5/home,cornerstone,18,https://careers.medpro.com/
AstraZeneca,https://astrazeneca.eightfold.ai/careers?domain=astrazeneca.com,eightfold,348,https://careers.astrazeneca.com/
California State University San Marcos,https://careers.pageuppeople.com/873/sm/en-us/listing/,pageup,172,https://careers.csusm.edu/en-us/listing/
"California State University, Long Beach",https://careers.pageuppeople.com/873/lb/en-us/listing/,pageup,69,https://careers.pageuppeople.com/873/lb/en-us/listing/
Central Michigan University,https://www.jobs.cmich.edu/postings/search,peopleadmin,64,https://www.jobs.cmich.edu/
Columbus State University,https://careers.hprod.onehcm.usg.edu/psc/careers/CAREERS/HRMS/c/HRS_HRAM_FL.HRS_CG_SEARCH_FL.GBL?SiteId=30000,peoplesoft,71,https://www.columbusstate.edu/human-resources/employment-opportunities.php
Georgia Institute of Technology,https://careers.hprod.onehcm.usg.edu/psc/careers/CAREERS/HRMS/c/HRS_HRAM_FL.HRS_CG_SEARCH_FL.GBL?SiteId=03000,peoplesoft,269,https://hr.gatech.edu/careers
Indiana University,https://hrms.iu.edu/psc/PH1PRD_PUB/EMPLOYEE/HRMS/c/HRS_HRAM_FL.HRS_CG_SEARCH_FL.GBL,peoplesoft,324,https://hr.iu.edu/working-at-iu/job-search/index.html
Lehigh University,https://careers.pageuppeople.com/865/cw/en-us/listing/,pageup,31,https://careers.pageuppeople.com/865/cw/en-us/listing/
Michigan State University,https://careers.pageuppeople.com/782/cw/en-us/listing/,pageup,466,https://careers.msu.edu/
Missouri State University,https://jobs.missouristate.edu/postings/search,peopleadmin,145,https://jobs.missouristate.edu/
National Louis University,https://careers-nl.icims.com/jobs/search?ss=1&in_iframe=1,icims,58,https://jobs.nl.edu/
North Carolina State University,https://jobs.ncsu.edu/postings/search,peopleadmin,424,https://jobs.ncsu.edu/
Regis University,https://regis.wd501.myworkdayjobs.com/RegisUniversity,workday,26,https://www.regis.edu/about/offices-services/human-resources/careers
Seton Hall University,https://careers.pageuppeople.com/763/cw/en-us/listing/,pageup,189,https://jobs.shu.edu/en-us/listing/
Syracuse University,https://www.sujobopps.com/postings/search,peopleadmin,222,https://www.sujobopps.com/postings/search
The University of Kansas Health System,https://kansashealthsystem.wd1.myworkdayjobs.com/careers,workday,1035,https://jobs.kansashealthsystem.com/
Touro University,https://tcnycareers-touro.icims.com/jobs/search?ss=1&in_iframe=1,icims,242,https://www.touro.edu/careers/
University at Buffalo,https://www.ubjobs.buffalo.edu/postings/search,peopleadmin,273,https://www.ubjobs.buffalo.edu/
University of Alabama,https://careers.pageuppeople.com/669/cw/en-us/listing/,pageup,157,https://careers.ua.edu/
University of Arizona,https://arizona.csod.com/ux/ats/careersite/4/home,cornerstone,330,https://talent.arizona.edu/
University of Denver,https://careers.pageuppeople.com/885/cw/en-us/listing/,pageup,91,https://jobs.du.edu/cw/en-us/listing/
University of Florida,https://careers.pageuppeople.com/674/cw/en-us/listing/,pageup,731,https://jobs.ufl.edu/
University of Kansas Medical Center,https://kumc.wd5.myworkdayjobs.com/kumc-jobs,workday,153,https://www.kumc.edu/human-resources/careers.html
University of Kentucky,https://ukjobs.uky.edu/postings/search,peopleadmin,879,https://ukjobs.uky.edu/
University of Michigan,https://careers.umich.edu/search-jobs?position=All,umich,763,https://careers.umich.edu/search-jobs?position=All
University of Mississippi Medical Center,https://ummc.wd5.myworkdayjobs.com/UMCCareers,workday,539,https://www.umc.edu/HR/Careers/Careers-Workday.html
University of Missouri-Columbia,https://erecruit.umsystem.edu/psc/tamext/COLUM/HRMS/c/HRS_HRAM_FL.HRS_CG_SEARCH_FL.GBL?SiteId=9,peoplesoft,154,https://hr.missouri.edu/job-openings
University of Missouri-Saint Louis,https://erecruit.umsystem.edu/psc/tamext/STLOU/HRMS/c/HRS_HRAM_FL.HRS_CG_SEARCH_FL.GBL?SiteId=5,peoplesoft,33,https://www.umsl.edu/services/hrs/careers/staff.html
University of Nebraska at Omaha,https://unomaha.peopleadmin.com/postings/search,peopleadmin,54,https://www.unomaha.edu/human-resources/employment/index.php
University of Nebraska Medical Center,https://unmc.peopleadmin.com/postings/search,peopleadmin,211,https://unmc.peopleadmin.com/postings/search
University of New Mexico,https://unm.csod.com/ux/ats/careersite/18/home,cornerstone,759,https://jobs.unm.edu/
University of Oregon,https://careers.pageuppeople.com/726/cw/en-us/listing/,pageup,137,https://careers.uoregon.edu/en-us/listing/
University of Portland,https://uportland.peopleadmin.com/postings/search,peopleadmin,76,https://uportland.peopleadmin.com/postings/search
University of Southern California,https://usc.wd5.myworkdayjobs.com/ExternalUSCCareers,workday,823,https://usccareers.usc.edu/
Utah State University,https://careers-usu.icims.com/jobs/search?ss=1&in_iframe=1,icims,141,https://hr.usu.edu/jobs/
Vanderbilt University,https://ecsr.fa.us2.oraclecloud.com/hcmUI/CandidateExperience/en/sites/CX_1,oracle,140,https://www.vanderbilt.edu/work-at-vanderbilt/
Tata Consultancy Services,https://ibegin.tcsapps.com/candidate/?geography=US&language=EN,tcs,2374,https://www.tcs.com/careers/united-states
TikTok,https://lifeattiktok.com/search,tiktok,1824,https://careers.tiktok.com/
Siemens,https://jobs.siemens.com/en_US/externaljobs/SearchJobs/?42386=%5B812209%5D&42386_format=17546&listFilterMode=1,avature_links,1191,https://jobs.siemens.com/en_US/externaljobs/SearchJobs
Siemens Energy,https://jobs.siemens-energy.com/en_US/jobs/SearchJobsUS,avature_links,500,https://jobs.siemens-energy.com/en_US/jobs/SearchJobsUS
"Forge Group, LLC",https://forgegroupllc.isolvedhire.com/jobs/,applicantpro,19,https://forgegroupllc.isolvedhire.com/jobs/1856349-102300.html
Halvik,https://halvik.isolvedhire.com/jobs/,applicantpro,27,https://halvik.isolvedhire.com/jobs/1865244-338778.html
FNA Group,https://fnagroup.applicantpro.com/jobs/,applicantpro,37,https://www.applicantpro.com/openings/fnagroup/jobs/4191096-387325
R.H. White Construction,https://rhwhite.applicantpro.com/jobs/,applicantpro,56,https://www.applicantpro.com/openings/rhwhite/jobs/4214103-1101313
United Contractor Services,https://unitedcs.applicantpro.com/jobs/,applicantpro,24,https://www.applicantpro.com/openings/unitedcs/jobs/4214485-1000219
Semper Valens Solutions,https://sempervalens.isolvedhire.com/jobs/,applicantpro,79,https://sempervalens.isolvedhire.com/jobs/1854160-353358.html
Bengal Transportation Services,https://bengaltransport.isolvedhire.com/jobs/,applicantpro,15,https://bengaltransport.isolvedhire.com/jobs/1847077-121936.html
Black Mountain Software,https://blackmountainsoftware.applicantpro.com/jobs/,applicantpro,2,https://www.applicantpro.com/openings/blackmountainsoftware/jobs/4214569-1000865
Capital Pump & Equipment,https://cpepumps.isolvedhire.com/jobs/,applicantpro,13,https://cpepumps.isolvedhire.com/jobs/1860414-175194.html
Craft-Bilt Manufacturing Company,https://craftbilt.isolvedhire.com/jobs/,applicantpro,4,https://CraftBilt.isolvedhire.com/jobs/1866398-9648.html
Daemen University,https://daemen.applicantpro.com/jobs/,applicantpro,45,https://www.applicantpro.com/openings/daemen/jobs/4189459-13996
"Davidson Technologies, Inc.",https://davidsontech.applicantpro.com/jobs/,applicantpro,26,https://www.applicantpro.com/openings/davidsontech/jobs/4189370-955850
Hills & Dales,https://hillsdales.isolvedhire.com/jobs/,applicantpro,30,https://hillsdales.isolvedhire.com/jobs/1867089-161057.html
HYPERION BIOTECHNOLOGY,https://hyperionbiotechnology.applicantpro.com/jobs/,applicantpro,12,https://www.applicantpro.com/openings/hyperionbiotechnology/jobs/4214166-32522
Kids in Tech,https://kidsintech.applicantpro.com/jobs/,applicantpro,7,https://www.applicantpro.com/openings/kidsintech/jobs/4205727-956397
MbSolutions Inc,https://mbsolutionsinc.applicantpro.com/jobs/,applicantpro,109,https://www.applicantpro.com/openings/mbsolutionsinc/jobs/4189502-134581
North Jersey Friendship House,https://njfriendshiphouse.isolvedhire.com/jobs/,applicantpro,10,https://njfriendshiphouse.isolvedhire.com/jobs/1863187-292980.html
"Vector Resources, Inc.",https://vectorresources.isolvedhire.com/jobs/,applicantpro,4,https://vectorresources.isolvedhire.com/jobs/1857081-289092.html
Sirona Medical,https://job-boards.greenhouse.io/sironamedical,greenhouse,9,https://sironamedical.com/company/careers
Tillster,https://jobs.ashbyhq.com/tillster,ashby,30,https://www.tillster.com/company/careers
Xero,https://jobs.ashbyhq.com/xero,ashby,112,https://careers.xero.com
Third Wave Automation,https://job-boards.greenhouse.io/thirdwaveautomation,greenhouse,4,https://thirdwave.ai/join-our-team
SMX,https://job-boards.greenhouse.io/smxtech,greenhouse,131,https://www.smxtech.com/careers/
UAB Medicine,https://careers.uabmedicine.org,phenom,851,https://careers.uabmedicine.org/us/en/job/UHSUHSUST239373EXTERNALENUS/Program-Coordinator-II-Women-s-Services-Office-AM-010?utm_source=indeed&utm_medium=phenom-feeds
Sleeper,https://jobs.ashbyhq.com/sleeper,ashby,17,https://sleeper.com/
Olympus Corporation,https://careers.olympusamerica.com,successfactors,103,https://careers.olympusamerica.com/job/Westborough-Data-Scientist%2C-Advanced-Market-Analytics-&-Modeling-MA-01581/1431214200/
Pathward,https://job-boards.greenhouse.io/pathward,greenhouse,57,https://www.pathward.com/about-us/people-culture/careers/
Plains,https://plains.wd1.myworkdayjobs.com/Plains,workday,49,https://www.plains.com/careers/job-postings
Panera Bread,https://careers.panerabread.com,phenom,5214,https://careers.panerabread.com/global/en/
POLYVANTIS,https://jobs.polyvantis.com,successfactors,10,https://jobs.polyvantis.com/job/Mount-Vernon-Product-Coordinator-IN-47620/1368373755/
Premise Health,https://jobs.premisehealth.com/search-jobs,radancy,379,https://jobs.premisehealth.com/saved-jobs
Regions Financial,https://regions.wd5.myworkdayjobs.com/Regions_Careers,workday,517,https://careers.regions.com/us/en/job/RFCOUSR105558ENUSEXTERNAL/Digital-Product-Owner?utm_source=indeed&utm_medium=phenom-feeds
Stratolaunch,https://job-boards.greenhouse.io/stratolaunch,greenhouse,55,https://www.stratolaunch.com/careers/5421422008/
Synapse Health,https://job-boards.greenhouse.io/synapsehealth,greenhouse,15,https://synapsehealth.com/job-postings/
Toll Brothers,https://jobs-tollbrothers.icims.com/jobs/search?ss=1&in_iframe=1,icims,149,https://www.tollcareercenter.com/jobs/operations-coordinator/25437/
Varda Space Industries,https://job-boards.greenhouse.io/vardaspace,greenhouse,95,https://www.varda.com/careers
Verisk,https://fa-ewmy-saasfaprod1.fa.ocs.oraclecloud.com/hcmUI/CandidateExperience/en/sites/CX_1,oracle,153,https://www.verisk.com/company/careers/
U-Haul,https://uhaul.wd1.myworkdayjobs.com/UhaulJobs,workday,471,https://jobs.uhaul.com/
Yazaki,https://careers.yazaki.com,successfactors,76,https://careers.yazaki.com/job/El-Paso-Lead-Product-Coordinator%2C-Warehousing-TX-79901/1345872255/
NESN,https://workforcenow.adp.com/mascsr/default/mdf/recruitment/recruitment.html?cid=67a92006-fb4d-4c36-b69b-1c13bf1bf63e&ccId=19000101_000001,adp,4,https://careers.nesn.com/
Philips,https://philips.wd3.myworkdayjobs.com/jobs-and-careers,workday,831,https://www.careers.philips.com/na/en/search-results
Cotiviti,https://careers-cotiviti.icims.com/jobs/search?ss=1&in_iframe=1,icims,84,https://www.cotiviti.com/careers
Applied Intuition,https://jobs.ashbyhq.com/applied,ashby,293,https://www.appliedintuition.com/ja/careers
Bloom Energy,https://bloomenergy.wd1.myworkdayjobs.com/BloomEnergyCareers,workday,182,https://www.bloomenergy.com/careers/
Aditi Consulting,https://jobs.smartrecruiters.com/AditiConsulting1,smartrecruiters,5,https://careers.smartrecruiters.com/AditiConsulting1?oga=true
Mindlance,https://www1.jobdiva.com/portal/?a=7fjdnw91pq69jlvngz1gp518iugamw00c66623tmx447r7e3lkr3gqqpqjhpy8mo,jobdiva,2820,https://mindlance.com/job-board/
GRAIL,https://jobs.lever.co/grailbio,lever,20,https://grail.com/careers/
Daimler Truck North America,https://dtna.wd5.myworkdayjobs.com/DTNA_external,workday,86,https://northamerica.daimlertruck.com/careers/internships
Infoblox,https://efpv.fa.us6.oraclecloud.com/hcmUI/CandidateExperience/en/sites/CX_1,oracle,80,https://www.infoblox.com/jp/company/careers/
Clearwater Analytics,https://clearwateranalytics.wd1.myworkdayjobs.com/Clearwater_Analytics_Careers,workday,278,https://clearwateranalytics.wd1.myworkdayjobs.com/Clearwater_Analytics_Careers/job/Office---Noida/Data-Analyst---Revenue-Operations_R11938
Hyundai AutoEver America,https://hyundaiautoeveramerica.applytojob.com/apply,jazzhr,91,https://hyundaiautoeveramerica.applytojob.com/apply
Brown Brothers Harriman,https://bbh.wd5.myworkdayjobs.com/BBH,workday,197,https://www.bbh.com/us/en/careers/experienced-professionals.html
Cambia Health Solutions,https://cambiahealth.wd504.myworkdayjobs.com/External,workday,57,https://www.cambiahealth.com/careers/life-at-cambia/
Harley-Davidson Motor Company,https://jobs.harley-davidson.com,successfactors,76,https://jobs.harley-davidson.com/job/Wauwatosa-Staff-Program-Manager-WI-53208/1422112100/
Moelis & Company,https://moelis.wd1.myworkdayjobs.com/Experienced-Hires,workday,45,https://www.moelis.com/careers/working-at-moelis/
Ann & Robert H. Lurie Children's Hospital of Chicago,https://luriechildrens.wd1.myworkdayjobs.com/externalportal,workday,169,https://jobs.luriechildrens.org/us/en/transport-team
DICK'S Sporting Goods,https://dickssportinggoods.wd1.myworkdayjobs.com/DSG,workday,1484,https://www.dickssportinggoods.jobs/jobs/brand/DICK%27S-Sporting-Goods/
iSoftStone,https://jobs.jobvite.com/isoftstone,jobvite,34,https://www.isoftstoneinc.com/careers/
DLR Group,https://job-boards.greenhouse.io/dlrgroup,greenhouse,160,https://www.dlrgroup.com/careers/
Clearway Energy Group,https://job-boards.greenhouse.io/clearwayjobs,greenhouse,54,https://www.clearwayenergygroup.com/internships/
Hach,https://veralto.wd1.myworkdayjobs.com/HachJobs,workday,120,https://jobs.veralto.com/global/en/hach?origin=dropdown&c1=careers&clickedon=careers
Brown and Caldwell,https://recruiting2.ultipro.com/BRO1018BRACA/JobBoard/a06992cf-10e7-4e24-8932-26d607a3049e,ultipro,143,https://recruiting2.ultipro.com/BRO1018BRACA
Electric Power Engineers,https://careers-epeconsulting.icims.com/jobs/search?ss=1&in_iframe=1,icims,78,https://staging.epeconsulting.com/careers
"Energy and Environmental Economics, Inc.",https://jobs.lever.co/ethree,lever,6,https://jobs.lever.co/ethree?location=San+Francisco%2C+CA
"Interlake Mecalux, Inc.",https://www.paycomonline.net/v4/ats/web.php/portal/058EB80E58DC368BF653CED34E0F66B1/career-page,paycom,21,https://www.interlakemecalux.com/careers/production-engineer
Granite Construction,https://granite.wd1.myworkdayjobs.com/careers,workday,250,https://www.graniteconstruction.com/careers/students
Grand Circle Corporation,https://recruiting.ultipro.com/GRA1008GCIRC/JobBoard/7f0198d2-b59a-4441-9f15-79ce5a4de55b,ultipro,26,https://www.gct.com/about-us/people-and-culture/careers?o=postedDateDesc&q=&w=&wc=&we=&wpst=
Federal Home Loan Bank of Des Moines,https://wd5.myworkdaysite.com/recruiting/vhr_fhlbdm/careers,workday,32,https://www.fhlbdm.com/about/careers/default.aspx
"Atwell, LLC",https://job-boards.greenhouse.io/atwellgroup,greenhouse,180,https://atwell.com/careers/
Hunton Andrews Kurth LLP,https://recruiting.ultipro.com/HUN1002HW/JobBoard/c54d0719-19af-46ae-b27a-8c3695a9ab0a,ultipro,25,https://www.hunton.com/careers/current-opportunities
Continental Finance Company,https://contfinco.bamboohr.com,bamboohr,11,https://continentalfinance.com/careers-at-continental-finance/
Baylor Scott & White Health,https://jobs.bswhealth.com,phenom,2132,https://jobs.bswhealth.com/us/en/patient-clinical-support
Blue Cross Blue Shield of Massachusetts,https://bcbsma.wd5.myworkdayjobs.com/BCBSMA,workday,38,https://careers.bluecrossma.org/us/en/student
Cinch Home Services,https://recruiting.ultipro.com/CRO1005CCHS/JobBoard/cea1aee6-14f8-4303-b51d-f23507e998e7,ultipro,9,https://www.cinchhomeservices.com/en-us/about-cinch/careers
"Cyclotron, Inc.",https://cyclotroninc.applytojob.com/apply,jazzhr,10,https://cyclotroninc.applytojob.com/apply/AjYM5bIEV4/Microsoft-Identity-Devices-EngineerClient-Consulting
Colliers Engineering & Design,https://careers.colliersengineering.com,jibe,416,https://careers.colliersengineering.com/internships-campus-recruiting/jobs/categories
Cleerly,https://job-boards.greenhouse.io/cleerlyhealth,greenhouse,22,https://cleerly.com/careers-board?gh_jid=5506992004&gh_src=e9ec3c834us
GA Telesis,https://gatelesis.applytojob.com/apply,jazzhr,52,https://gatelesis.applytojob.com/apply/EMiU5ejZLf/General-Application
"McKim & Creed, Inc.",https://recruiting.ultipro.com/MCK1004MCKI/JobBoard/f29e8f64-6bcd-4988-8fad-851c4970ffe4,ultipro,180,https://www.mckimcreed.com/careers/benefits/
Convergint,https://recruiting2.ultipro.com/CON1074CVTG/JobBoard/1831b61a-1945-44fa-afd8-624795c9b30d,ultipro,335,https://www.convergint.com/in/careers/
Munters,https://munters.wd3.myworkdayjobs.com/External_Careers,workday,145,https://www.munters.com/en-us/careers/
Acushnet Company,https://acushnetgolf.wd12.myworkdayjobs.com/ACU,workday,69,https://employment.acushnetgolf.com/
"Clinton Health Access Initiative, Inc.",https://careers-chai.icims.com/jobs/search?ss=1&in_iframe=1,icims,81,https://www.clintonhealthaccess.org/where-we-work/
Alpha Consulting Corp.,https://www1.jobdiva.com/portal/?a=kvjdnwtsxgckrpsoozx5qc0oueybw1005779v7x6soig8eyqqmzaubfdl9tcx21s,jobdiva,3541,https://www.alphaconsulting.com/find-work/candidate-faqs/
Alliance Technical Group,https://careers.alliancetg.com,phenom,81,https://careers.alliancetg.com/us/en/on-site-testing-monitoring
"Frontier Energy, Inc.",https://recruiting.ultipro.com/GAS1003/JobBoard/a652eb14-234e-2ca8-9351-cc65f383117a,ultipro,9,https://frontierenergy.com/about/careers
Avis Budget Group,https://avisbudget.wd1.myworkdayjobs.com/ABG_Careers,workday,674,https://www.avisbudgetgroup.jobs/jobs
ARCO National Construction Company,https://job-boards.greenhouse.io/anc,greenhouse,81,https://www.arconational.com/careers/
First Student,https://firststudent.wd1.myworkdayjobs.com/firststudent,workday,1165,https://jobs.firststudentinc.com/jobs/
JRM Construction Management,https://job-boards.greenhouse.io/jrmconstructionmanagementllc,greenhouse,64,https://job-boards.greenhouse.io/jrmconstructionmanagementllc?t=47d787bb6us
Anchor Construction,https://anchorconst.applicantpro.com/jobs/,applicantpro,12,https://anchorconst.com/careers/career-opportunities/
Banc of California,https://recruiting.ultipro.com/PAC1009/JobBoard/37e95049-80e2-145c-b48c-f826b780e4d6,ultipro,88,https://bancofcal.com/about-us/careers/
Coram AI,https://jobs.ashbyhq.com/coram-ai,ashby,46,https://www.coram.ai/
"Bespoke Technologies, Inc.",https://bespoketechinc.applytojob.com/apply,jazzhr,66,https://bespoketechinc.com/careers/
Capgemini Government Solutions,https://recruiting.ultipro.com/CAP1009CAPGE/JobBoard/5178abe8-537c-41a6-96cc-fce9104c8f2f,ultipro,17,https://www.capgemini.com/us-en/industries/public-sector/capgemini-government-solutions/
Maricopa County,https://maricopa.wd1.myworkdayjobs.com/MC_External,workday,92,https://www.maricopa.gov/1290/Employment
"Bray International, Inc.",https://recruiting2.ultipro.com/BRA1009BRAY/JobBoard/ac09ec7f-acf0-4d13-b8f3-9646d0505f7f,ultipro,71,https://www.bray.com/careers
DefenseStorm,https://defensestorm.applytojob.com/apply,jazzhr,4,https://defensestorm.com/company/working-at-defensestorm/
edkey,https://recruiting.ultipro.com/EDK1000EDK/JobBoard/71e18c44-77db-43da-95e5-381b44ece021,ultipro,17,https://www.edkeyonline.org/personnelportal.jsp
Falvey Insurance Group,https://ats.rippling.com/falvey-insurance-group-careers/jobs,rippling,3,https://ats.rippling.com/falvey-insurance-group-careers/jobs?rr_message=job_not_found
HITT Contracting Inc.,https://hitt.wd503.myworkdayjobs.com/HITT,workday,293,https://www.hitt.com/careers/
AmeriLife,https://amerilife.wd5.myworkdayjobs.com/External,workday,62,https://amerilife.com/join-our-team
BlackHawk Data,https://blackhawkdatallc12029.applytojob.com/apply,jazzhr,10,https://blackhawkdatallc12029.applytojob.com/apply/n3mI6Mn2uO/Senior-Solution-Architect
Choate Construction Company,https://choateco.wd503.myworkdayjobs.com/Choate,workday,31,https://www.choateco.com/careers/
Cornerstone Energy Services Inc.,https://ats.rippling.com/cornerstone-energy-services/jobs,rippling,9,https://www.cornerstoneenergyinc.com/careers/
Federal Signal,https://recruiting2.ultipro.com/FED1002FSC/JobBoard/d5675b81-d6f5-4226-9f8c-be296cda2308,ultipro,155,https://www.fedsig.com/join-the-federal-signal-team/
"KiwiCo, Inc.",https://job-boards.greenhouse.io/kiwicoinc,greenhouse,5,https://www.kiwico.com/jobs
Key Capture Energy,https://keycaptureenergyllc.applytojob.com/apply,jazzhr,6,https://keycaptureenergyllc.applytojob.com/apply/mM5msZMB77/Transmission-Analyst
ARCO Design/Build,https://job-boards.greenhouse.io/arcodb,greenhouse,150,https://arcodb.com/
Harnham,https://harnham.pinpointhq.com,pinpoint,7,https://www.harnham.com/wimbledon-recruitment-careers/
"Kontoor Brands, Inc.",https://kbi.wd5.myworkdayjobs.com/Kontoor,workday,140,https://www.kontoorbrands.com/careers
Aligned Data Centers,https://aligneddc.wd12.myworkdayjobs.com/aligneddc,workday,206,https://aligneddc.com/careers/
American Councils for International Education,https://www.paycomonline.net/v4/ats/web.php/portal/58AA089E0E2C786B7FE4217373F3BCBD/career-page,paycom,7,https://www.paycomonline.net/v4/ats/web.php/jobs?clientkey=58AA089E0E2C786B7FE4217373F3BCBD
Amerijet International,https://workforcenow.adp.com/mascsr/default/mdf/recruitment/recruitment.html?cid=b84c1100-8ca6-49d3-8a35-f06ad8084d26&ccId=19000101_000001,adp,11,https://amerijet.com/careers/
Buyers Edge Platform,https://job-boards.greenhouse.io/buyersedgeplatformrecruiting,greenhouse,38,https://buyersedgeplatform.com/about/careers/job-board/
Centessa Pharmaceuticals,https://job-boards.greenhouse.io/centessapharmaceuticalsinc,greenhouse,27,https://centessa.com/careers/
Clozd,https://jobs.lever.co/Clozd,lever,7,https://www.clozd.com/careers
CesiumAstro,https://jobs.lever.co/CesiumAstro,lever,274,https://www.cesiumastro.com/careers
"iTradeNetwork, Inc.",https://job-boards.greenhouse.io/itradenetworkinc,greenhouse,7,https://www.itradenetwork.com/jobs/5363161008?gh_jid=5363161008
Kailera Therapeutics,https://job-boards.greenhouse.io/kailera,greenhouse,23,https://job-boards.greenhouse.io/kailera?error=true
"Morgan & Morgan, P.A.",https://job-boards.greenhouse.io/morganmorganjobsapplynow,greenhouse,434,https://job-boards.greenhouse.io/morganmorganjobsapplynow?error=true
Niagara Bottling,https://niagarawater.wd5.myworkdayjobs.com/Niagara,workday,355,https://careers.niagarawater.com/us/en/phoenix-1
Turo,https://turo.wd12.myworkdayjobs.com/Turo_careers,workday,30,https://turo.com/us/en/careers
Perkins&Will,https://recruiting2.ultipro.com/PER1007PWILL/JobBoard/0ca393a4-bf82-4db6-acae-91e6a0315a4a,ultipro,153,https://perkinswill.com/careers/
New York Power Authority,https://careers.nypa.gov,successfactors,83,https://careers.nypa.gov/viewalljobs/
Tyson Foods,https://tysonfoods.wd5.myworkdayjobs.com/TSN5,workday,470,https://www.tysonfoods.com/humboldt-jobs-and-careers
Simpson Thacher & Bartlett LLP,https://stblaw.wd1.myworkdayjobs.com/careers,workday,60,https://www.stblaw.com/your-career/why-simpson-thacher
TeleTracking,https://job-boards.greenhouse.io/teletrackingtechnologiesinc,greenhouse,12,https://www.teletracking.com/careers/
Puget Sound Energy,https://jobs.pse.com,successfactors,42,https://jobs.pse.com/viewalljobs/
"Research Foundation for Mental Hygiene, Inc.",https://rfmh.applicantpro.com/jobs/,applicantpro,4,https://corporate.rfmh.org/human_resources/index.asp?page=employmentopportunities
United Airlines,https://careers.united.com,phenom,187,https://careers.united.com/us/en/students
Texas Children's Hospital,https://eohh.fa.us2.oraclecloud.com/hcmUI/CandidateExperience/en/sites/CX,oracle,374,https://www.texaschildrens.org/departments/cancer-and-hematology-center/careers
Sentinel Group,https://sentinelgroup.applytojob.com/apply,jazzhr,12,https://www.sentinelgroup.com/careers
Verista,https://job-boards.greenhouse.io/veristainc,greenhouse,42,https://verista.com/careers/
Warner Music Group,https://wmg.wd1.myworkdayjobs.com/WMGUS,workday,52,https://www.wmg.com/careers
Webull Financial,https://ats.rippling.com/webull/jobs,rippling,29,https://www.webull.com/career
Valmet,https://valmet.wd103.myworkdayjobs.com/External,workday,164,https://www.valmet.com/sv/jobbahososs/
Terabase Energy,https://apply.workable.com/terabase-energy,workable,28,https://www.terabase.energy/company/careers
Northwest Bank,https://northwest.wd1.myworkdayjobs.com/Northwest_Careers,workday,151,https://www.northwest.bank/careers/
The Clorox Company,https://wd1.myworkdaysite.com/recruiting/clorox/Clorox,workday,190,https://www.thecloroxcompany.com/old-careers/working-at-clorox/
Total Quality Logistics,https://careers.tql.com/en_US/TQLexternalcareers/SearchJobs,avature,342,https://www.tql.com/jobs
Salas O'Brien,https://recruiting2.ultipro.com/SAL1016SALO/JobBoard/3347ce03-ba60-4bdc-8af2-26369c80b18f,ultipro,404,https://salasobrien.com/careers/
Texas Mutual Insurance Company,https://texasmutual.wd1.myworkdayjobs.com/texas_mutual_careers,workday,8,https://www.texasmutual.com/abouttxm/culture-and-careers
Repligen Corporation,https://repligen.wd108.myworkdayjobs.com/Repligen_Careers,workday,72,https://www.repligen.com/
Ocean Spray Cranberries,https://oceanspray.wd5.myworkdayjobs.com/OceanSprayJobs,workday,72,https://www.oceanspray.com/careers
"United States Cold Storage, Inc.",https://recruiting.ultipro.com/UNI1105USCS/JobBoard/f098a23a-c6d0-4336-8e06-18c0579c891d,ultipro,86,https://www.uscold.com/careers/internal-opportunities/
Walker & Dunlop,https://walkerdunlop.wd1.myworkdayjobs.com/WD,workday,21,https://www.walkerdunlop.com/about/careers
UNICON International Inc.,https://www1.jobdiva.com/portal/?a=avjdnw2udehimlhz6mihkn0by6cnvu08dbsajkvwgfrevsku7u4h5mt0skq11sfm,jobdiva,65,https://www.unicon-intl.com/job/
Netsmart,https://ntst.wd1.myworkdayjobs.com/Careers,workday,85,https://www.ntst.com/company/careers-and-culture/us-offices
Sigma,https://job-boards.greenhouse.io/sigmacomputing,greenhouse,65,https://www.sigmacomputing.com/company/careers
Worldwide Clinical Trials,https://worldwide.wd1.myworkdayjobs.com/External,workday,225,https://www.worldwide.com/careers/
Panelmatic,https://apply.workable.com/panelmatic-inc,workable,179,https://www.panelmatic.com/careers/
SimCorp,https://simcorp.wd3.myworkdayjobs.com/SimCorp_Jobs,workday,267,https://www.simcorp.com/about-us/career/open-positions
OBXtek,https://careers-obxtek.icims.com/jobs/search?ss=1&in_iframe=1,icims,21,https://www.obxtek.com/solutions-services
TechWish,https://www1.jobdiva.com/portal/?a=asjdnwqo4d8iouaf7gip6aks6kspiz07d7omn2qp2a76mui5aragbo4v0pc8nlm5,jobdiva,93,https://www.techwish.com/careers
Verdantas,https://verdantas.wd108.myworkdayjobs.com/Verdantas,workday,121,https://www.verdantas.com/careers/who-we-hire
VoltaGrid,https://recruiting2.ultipro.com/VOL1012VOLG/JobBoard/ecba8ead-7b8e-4b87-8c34-950a765fcbe4,ultipro,55,https://voltagrid.com/careers/careers2
ReliaQuest,https://reliaquest.wd5.myworkdayjobs.com/ReliaQuest_Careers,workday,12,https://reliaquest.com/careers/
Samsung SDS America,https://apply.workable.com/samsung-sds-america,workable,21,https://www.samsungsds.com/us/careers/about_careers.html
Wolverine Trading,https://wolve.pinpointhq.com,pinpoint,24,https://www.wolve.com/open-positions
RS&H,https://careers-rsandh.icims.com/jobs/search?ss=1&in_iframe=1,icims,218,https://www.rsandh.com/careers/internships/
vineyard vines,https://recruiting.ultipro.com/VIN1003VINE/JobBoard/40482047-a7f3-434d-bd61-d246ea779eaa,ultipro,31,https://www.vineyardvines.com/content/careers-headquarters-benefits
"Orbital Engineering, Inc.",https://recruiting.ultipro.com/ORB1000OENG/JobBoard/99afc845-206f-496e-bd6a-3427e944c046,ultipro,83,https://orbitalengr.com/careers/
Outdoor Cap Company,https://workforcenow.adp.com/mascsr/default/mdf/recruitment/recruitment.html?cid=7a1edbd8-73dc-48b7-8f73-48dc403576b5&ccId=19000101_000001,adp,8,https://www.outdoorcap.com/careers
Prometheum,https://prometheum.applytojob.com/apply,jazzhr,2,https://www.prometheum.com/careers-open-positions
Sequoia Financial Group,https://workforcenow.adp.com/mascsr/default/mdf/recruitment/recruitment.html?cid=c0aec70d-b765-4605-974e-8278e6583202&ccId=19000101_000001,adp,29,https://www.sequoia-financial.com/about/careers/
Schuff Steel,https://www.paycomonline.net/v4/ats/web.php/portal/431E1D6744E3AC7D80AD60F6432C8100/career-page,paycom,68,https://www.schuff.com/careers/
STO Building Group,https://fa-exrr-saasfaprod1.fa.ocs.oraclecloud.com:443/hcmUI/CandidateExperience/en/sites/stobg,oracle,430,https://stobuildinggroup.com/london-united-kingdom-2/careers/
WesTech Engineering,https://recruiting2.ultipro.com/WES1036WESEN/JobBoard/e9e4b204-967b-4c07-b2d6-4c66319b5fc0,ultipro,22,https://www.westechwater.com/about/careers
Alamo Colleges District,https://alamo.csod.com/ux/ats/careersite/2/home,cornerstone,33,https://alamo.csod.com/ats/careersite/search.aspx?site=2&c=alamo
Bay de Noc Community College,https://careers.baycollege.edu/postings/search,peopleadmin,46,https://careers.baycollege.edu/
Lake Forest College,https://workforcenow.adp.com/mascsr/default/mdf/recruitment/recruitment.html?cid=42c57bd5-6043-4b07-a424-fa124627e8d0&ccId=19000101_000001,adp,13,https://www.lakeforest.edu/offices-and-departments/human-resources/lake-forest-college-employment
Metropolitan State University of Denver,https://msudenver.wd1.myworkdayjobs.com/MSUDenver,workday,119,https://www.msudenver.edu/careers/
Temple Health – Temple University Health System,https://careers.templehealth.org,phenom,499,https://www.templehealth.org/careers
The University of Kansas,https://employment.ku.edu/jobs,ku,148,https://employment.ku.edu/jobs
The University of Texas at San Antonio,https://zahr-prd-candidate-ada.utshare.utsystem.edu/psc/ZAHRPRDADA/EMPLOYEE/HRMS/c/HRS_HRAM_FL.HRS_CG_SEARCH_FL.GBL?SiteId=21,peoplesoft,35,https://www.utsa.edu/people-excellence/careers/staff-positions.html
University of California Berkeley,https://careerspub.universityofcalifornia.edu/psc/ucb/EMPLOYEE/HRMS/c/HRS_HRAM_FL.HRS_CG_SEARCH_FL.GBL?SiteId=21,peoplesoft,185,https://jobs.berkeley.edu/job-listings/external-applicants
University of Miami,https://careers.miami.edu,phenom,2025,https://careers.miami.edu/
University of Utah,https://utah.peopleadmin.com/postings/search,peopleadmin,798,https://medicine.utah.edu/pediatrics/clinical-enterprise/recruitment
University of Wisconsin-Madison,https://wisconsin.wd1.myworkdayjobs.com/UW_Madison,workday,362,https://wisconsin.wd1.myworkdayjobs.com/en-US/UW_Madison/job/Associate-Professor_JR10006354
Georgia State University,https://gsu.taleo.net/careersection/2/jobsearch.ftl,taleo,78,https://hr.gsu.edu/careers/
University of Maryland Baltimore,https://umb.taleo.net/careersection/umb_faculty+and+post+docs/jobsearch.ftl,taleo,277,https://www.umaryland.edu/hr/careers-at-umb/
University of Colorado,https://cu.taleo.net/careersection/2/jobsearch.ftl,taleo,685,https://www.cu.edu/cu-careers
Towson University,https://towson.taleo.net/careersection/ex/jobsearch.ftl,taleo,31,https://www.towson.edu/hr/employment/
Utah Valley University,https://www.schooljobs.com/careers/uvu,schooljobs,72,https://www.uvu.edu/peopleandculture/jobs/
Salt Lake Community College,https://www.schooljobs.com/careers/slcc,schooljobs,143,https://jobs.slcc.edu/
Foothill De Anza Community College District,https://www.schooljobs.com/careers/fhda,schooljobs,153,https://hr.fhda.edu/careers/
University of Hawaii,https://www.schooljobs.com/careers/hawaiiedu,schooljobs,606,https://www.hawaii.edu/ohr/jobs/
University of Central Missouri,https://www.schooljobs.com/careers/ucmo,schooljobs,68,https://jobs.ucmo.edu/
Macomb Community College,https://www.schooljobs.com/careers/macombcc,schooljobs,33,https://www.macomb.edu/about-macomb/human-resources/jobs-at-macomb.html
Southeast Missouri State University,https://www.schooljobs.com/careers/semoedu,schooljobs,50,https://semo.edu/hr/jobs/
Ocean County College,https://www.schooljobs.com/careers/ocean,schooljobs,31,https://www.ocean.edu/about/human-resources/
Sanford Health,https://sanford.wd5.myworkdayjobs.com/SanfordHealth,workday,970,https://sanfordcareers.com/sanford-health/
V2Soft,https://www1.jobdiva.com/portal/?a=khjdnw5yoeunulx63gad4re3bqe6id0602bm0vvmtbsvg104mn382p3tn528y4bj,jobdiva,178,https://www.v2soft.com/careers/job-openings/
Pyka Inc.,https://jobs.lever.co/pyka,lever,20,https://www.flypyka.com/careers
Orum 🥇,https://jobs.ashbyhq.com/orum,ashby,9,https://www.orum.com/careers
Sprezzatura Management Consulting,https://workforcenow.adp.com/mascsr/default/mdf/recruitment/recruitment.html?cid=1e214623-c126-4ee7-a61f-d40253fd1123&ccId=19000101_000001,adp,18,https://sprezzmc.com/careers/
Pariveda,https://jobs.ashbyhq.com/pariveda,ashby,27,https://parivedasolutions.com/careers/
Prosper Health,https://job-boards.greenhouse.io/prosperhealth,greenhouse,64,https://www.prosperhealth.io/careers
Sterling Computers,https://workforcenow.adp.com/mascsr/default/mdf/recruitment/recruitment.html?cid=da76a366-c959-4b2c-a12e-7c294e0c1658&ccId=19000101_000001,adp,25,https://sterling.com/careers/
The Mechanical Licensing Collective,https://job-boards.greenhouse.io/mechanicallicensingcollective,greenhouse,3,https://www.themlc.com/careers
The Vomela Companies,https://apply.workable.com/vomela,workable,41,https://www.vomela.com/careers/
Veilant,https://jobs.smartrecruiters.com/Veilant,smartrecruiters,6,https://www.veilant.com/careers/
SEI,https://seic.wd1.myworkdayjobs.com/SEI_Global_Services,workday,122,https://www.seic.com/careers/our-locations
Soni,https://jobs.lever.co/soniresources,lever,7,https://www.soniresources.com/careers.php
Stellaromics Inc.,https://ats.rippling.com/stellaromics-inc/jobs,rippling,8,https://stellaromics.com/life-at-stellaromics/
T2 Systems,https://job-boards.greenhouse.io/t2systems,greenhouse,8,https://www.t2systems.com/jobs/
UpClear,https://apply.workable.com/upclear,workable,5,https://upclear.com/careers/
Signet Jewelers,https://signetjewelers.wd1.myworkdayjobs.com/SignetCorporateCareers,workday,70,https://www.signetjewelers.com/careers/Growth/default.aspx
nVent,https://nvent.wd5.myworkdayjobs.com/nVent,workday,544,https://www.nvent.com/en-mx/careers
SEKO Logistics,https://sekologistics.wd503.myworkdayjobs.com/Seko_Logistics,workday,26,https://www.sekologistics.com/en/about/careers/
Procter & Gamble,https://pg.wd5.myworkdayjobs.com/1000,workday,792,https://www.pgcareers.com/us/en/search-results
